path,class,duration_s,sr
noise_bank_v2/raw/babble_crowd_5t_000.wav,babble_crowd,12.603,16000
noise_bank_v2/raw/babble_crowd_5t_001.wav,babble_crowd,12.506,16000
noise_bank_v2/raw/babble_crowd_5t_002.wav,babble_crowd,9.47,16000
noise_bank_v2/raw/babble_crowd_5t_003.wav,babble_crowd,17.703,16000
noise_bank_v2/raw/babble_crowd_5t_004.wav,babble_crowd,17.67,16000
noise_bank_v2/raw/babble_crowd_5t_005.wav,babble_crowd,9.851,16000
noise_bank_v2/raw/babble_crowd_5t_006.wav,babble_crowd,14.242,16000
noise_bank_v2/raw/babble_crowd_5t_007.wav,babble_crowd,14.055,16000
noise_bank_v2/raw/babble_crowd_6t_000.wav,babble_crowd,16.581,16000
noise_bank_v2/raw/babble_crowd_6t_001.wav,babble_crowd,11.343,16000
noise_bank_v2/raw/babble_crowd_6t_002.wav,babble_crowd,16.303,16000
noise_bank_v2/raw/babble_crowd_6t_003.wav,babble_crowd,9.919,16000
noise_bank_v2/raw/babble_crowd_6t_004.wav,babble_crowd,18.271,16000
noise_bank_v2/raw/babble_crowd_6t_005.wav,babble_crowd,10.365,16000
noise_bank_v2/raw/babble_crowd_6t_006.wav,babble_crowd,15.571,16000
noise_bank_v2/raw/babble_crowd_6t_007.wav,babble_crowd,10.883,16000
noise_bank_v2/raw/babble_crowd_8t_000.wav,babble_crowd,9.241,16000
noise_bank_v2/raw/babble_crowd_8t_001.wav,babble_crowd,8.729,16000
noise_bank_v2/raw/babble_crowd_8t_002.wav,babble_crowd,15.03,16000
noise_bank_v2/raw/babble_crowd_8t_003.wav,babble_crowd,13.68,16000
noise_bank_v2/raw/babble_crowd_8t_004.wav,babble_crowd,18.032,16000
noise_bank_v2/raw/babble_crowd_8t_005.wav,babble_crowd,19.559,16000
noise_bank_v2/raw/babble_crowd_8t_006.wav,babble_crowd,14.143,16000
noise_bank_v2/raw/babble_crowd_8t_007.wav,babble_crowd,15.739,16000
noise_bank_v2/raw/babble_dense_crowd_10t_000.wav,babble_dense_crowd,8.94,16000
noise_bank_v2/raw/babble_dense_crowd_10t_001.wav,babble_dense_crowd,14.433,16000
noise_bank_v2/raw/babble_dense_crowd_10t_002.wav,babble_dense_crowd,9.303,16000
noise_bank_v2/raw/babble_dense_crowd_10t_003.wav,babble_dense_crowd,14.975,16000
noise_bank_v2/raw/babble_dense_crowd_10t_004.wav,babble_dense_crowd,16.68,16000
noise_bank_v2/raw/babble_dense_crowd_10t_005.wav,babble_dense_crowd,14.752,16000
noise_bank_v2/raw/babble_dense_crowd_10t_006.wav,babble_dense_crowd,9.717,16000
noise_bank_v2/raw/babble_dense_crowd_10t_007.wav,babble_dense_crowd,17.08,16000
noise_bank_v2/raw/babble_dense_crowd_12t_000.wav,babble_dense_crowd,16.188,16000
noise_bank_v2/raw/babble_dense_crowd_12t_001.wav,babble_dense_crowd,19.917,16000
noise_bank_v2/raw/babble_dense_crowd_12t_002.wav,babble_dense_crowd,11.287,16000
noise_bank_v2/raw/babble_dense_crowd_12t_003.wav,babble_dense_crowd,14.18,16000
noise_bank_v2/raw/babble_dense_crowd_12t_004.wav,babble_dense_crowd,13.994,16000
noise_bank_v2/raw/babble_dense_crowd_12t_005.wav,babble_dense_crowd,19.422,16000
noise_bank_v2/raw/babble_dense_crowd_12t_006.wav,babble_dense_crowd,14.464,16000
noise_bank_v2/raw/babble_dense_crowd_12t_007.wav,babble_dense_crowd,11.078,16000
noise_bank_v2/raw/babble_dense_crowd_14t_000.wav,babble_dense_crowd,18.992,16000
noise_bank_v2/raw/babble_dense_crowd_14t_001.wav,babble_dense_crowd,18.669,16000
noise_bank_v2/raw/babble_dense_crowd_14t_002.wav,babble_dense_crowd,17.97,16000
noise_bank_v2/raw/babble_dense_crowd_14t_003.wav,babble_dense_crowd,13.753,16000
noise_bank_v2/raw/babble_dense_crowd_14t_004.wav,babble_dense_crowd,15.357,16000
noise_bank_v2/raw/babble_dense_crowd_14t_005.wav,babble_dense_crowd,12.816,16000
noise_bank_v2/raw/babble_dense_crowd_14t_006.wav,babble_dense_crowd,11.128,16000
noise_bank_v2/raw/babble_dense_crowd_14t_007.wav,babble_dense_crowd,8.49,16000
noise_bank_v2/raw/babble_small_group_3t_000.wav,babble_small_group,11.159,16000
noise_bank_v2/raw/babble_small_group_3t_001.wav,babble_small_group,14.142,16000
noise_bank_v2/raw/babble_small_group_3t_002.wav,babble_small_group,9.738,16000
noise_bank_v2/raw/babble_small_group_3t_003.wav,babble_small_group,18.898,16000
noise_bank_v2/raw/babble_small_group_3t_004.wav,babble_small_group,18.959,16000
noise_bank_v2/raw/babble_small_group_3t_005.wav,babble_small_group,15.495,16000
noise_bank_v2/raw/babble_small_group_3t_006.wav,babble_small_group,17.101,16000
noise_bank_v2/raw/babble_small_group_3t_007.wav,babble_small_group,14.886,16000
noise_bank_v2/raw/babble_small_group_4t_000.wav,babble_small_group,10.785,16000
noise_bank_v2/raw/babble_small_group_4t_001.wav,babble_small_group,19.675,16000
noise_bank_v2/raw/babble_small_group_4t_002.wav,babble_small_group,14.967,16000
noise_bank_v2/raw/babble_small_group_4t_003.wav,babble_small_group,18.476,16000
noise_bank_v2/raw/babble_small_group_4t_004.wav,babble_small_group,11.414,16000
noise_bank_v2/raw/babble_small_group_4t_005.wav,babble_small_group,17.875,16000
noise_bank_v2/raw/babble_small_group_4t_006.wav,babble_small_group,13.613,16000
noise_bank_v2/raw/babble_small_group_4t_007.wav,babble_small_group,11.405,16000
noise_bank_v2/raw/babble_two_talker_2t_000.wav,babble_two_talker,19.72,16000
noise_bank_v2/raw/babble_two_talker_2t_001.wav,babble_two_talker,18.959,16000
noise_bank_v2/raw/babble_two_talker_2t_002.wav,babble_two_talker,8.758,16000
noise_bank_v2/raw/babble_two_talker_2t_003.wav,babble_two_talker,14.532,16000
noise_bank_v2/raw/babble_two_talker_2t_004.wav,babble_two_talker,14.277,16000
noise_bank_v2/raw/babble_two_talker_2t_005.wav,babble_two_talker,8.269,16000
noise_bank_v2/raw/babble_two_talker_2t_006.wav,babble_two_talker,19.92,16000
noise_bank_v2/raw/babble_two_talker_2t_007.wav,babble_two_talker,15.064,16000
noise_bank_v2/raw/proc_ac_hum_00.wav,proc_ac_hum,11.503,16000
noise_bank_v2/raw/proc_ac_hum_01.wav,proc_ac_hum,9.068,16000
noise_bank_v2/raw/proc_ac_hum_02.wav,proc_ac_hum,17.932,16000
noise_bank_v2/raw/proc_ac_hum_03.wav,proc_ac_hum,13.211,16000
noise_bank_v2/raw/proc_ac_hum_04.wav,proc_ac_hum,14.644,16000
noise_bank_v2/raw/proc_ac_hum_05.wav,proc_ac_hum,9.975,16000
noise_bank_v2/raw/proc_ac_hum_06.wav,proc_ac_hum,11.517,16000
noise_bank_v2/raw/proc_ac_hum_07.wav,proc_ac_hum,9.673,16000
noise_bank_v2/raw/proc_ac_hum_08.wav,proc_ac_hum,12.86,16000
noise_bank_v2/raw/proc_ac_hum_09.wav,proc_ac_hum,12.079,16000
noise_bank_v2/raw/proc_blender_00.wav,proc_blender,10.381,16000
noise_bank_v2/raw/proc_blender_01.wav,proc_blender,14.842,16000
noise_bank_v2/raw/proc_blender_02.wav,proc_blender,9.427,16000
noise_bank_v2/raw/proc_blender_03.wav,proc_blender,9.935,16000
noise_bank_v2/raw/proc_blender_04.wav,proc_blender,15.134,16000
noise_bank_v2/raw/proc_blender_05.wav,proc_blender,9.509,16000
noise_bank_v2/raw/proc_blender_06.wav,proc_blender,14.775,16000
noise_bank_v2/raw/proc_blender_07.wav,proc_blender,16.577,16000
noise_bank_v2/raw/proc_blender_08.wav,proc_blender,14.64,16000
noise_bank_v2/raw/proc_blender_09.wav,proc_blender,12.396,16000
noise_bank_v2/raw/proc_cash_register_00.wav,proc_cash_register,14.338,16000
noise_bank_v2/raw/proc_cash_register_01.wav,proc_cash_register,15.623,16000
noise_bank_v2/raw/proc_cash_register_02.wav,proc_cash_register,15.313,16000
noise_bank_v2/raw/proc_cash_register_03.wav,proc_cash_register,15.831,16000
noise_bank_v2/raw/proc_cash_register_04.wav,proc_cash_register,14.665,16000
noise_bank_v2/raw/proc_cash_register_05.wav,proc_cash_register,13.127,16000
noise_bank_v2/raw/proc_cash_register_06.wav,proc_cash_register,12.034,16000
noise_bank_v2/raw/proc_cash_register_07.wav,proc_cash_register,15.355,16000
noise_bank_v2/raw/proc_cash_register_08.wav,proc_cash_register,9.417,16000
noise_bank_v2/raw/proc_cash_register_09.wav,proc_cash_register,16.836,16000
noise_bank_v2/raw/proc_elevator_ding_00.wav,proc_elevator_ding,15.156,16000
noise_bank_v2/raw/proc_elevator_ding_01.wav,proc_elevator_ding,10.893,16000
noise_bank_v2/raw/proc_elevator_ding_02.wav,proc_elevator_ding,12.952,16000
noise_bank_v2/raw/proc_elevator_ding_03.wav,proc_elevator_ding,17.312,16000
noise_bank_v2/raw/proc_elevator_ding_04.wav,proc_elevator_ding,8.21,16000
noise_bank_v2/raw/proc_elevator_ding_05.wav,proc_elevator_ding,9.861,16000
noise_bank_v2/raw/proc_elevator_ding_06.wav,proc_elevator_ding,8.206,16000
noise_bank_v2/raw/proc_elevator_ding_07.wav,proc_elevator_ding,16.594,16000
noise_bank_v2/raw/proc_elevator_ding_08.wav,proc_elevator_ding,11.983,16000
noise_bank_v2/raw/proc_elevator_ding_09.wav,proc_elevator_ding,9.703,16000
noise_bank_v2/raw/proc_fridge_compressor_00.wav,proc_fridge_compressor,8.236,16000
noise_bank_v2/raw/proc_fridge_compressor_01.wav,proc_fridge_compressor,17.244,16000
noise_bank_v2/raw/proc_fridge_compressor_02.wav,proc_fridge_compressor,12.469,16000
noise_bank_v2/raw/proc_fridge_compressor_03.wav,proc_fridge_compressor,9.449,16000
noise_bank_v2/raw/proc_fridge_compressor_04.wav,proc_fridge_compressor,8.183,16000
noise_bank_v2/raw/proc_fridge_compressor_05.wav,proc_fridge_compressor,13.157,16000
noise_bank_v2/raw/proc_fridge_compressor_06.wav,proc_fridge_compressor,8.887,16000
noise_bank_v2/raw/proc_fridge_compressor_07.wav,proc_fridge_compressor,16.136,16000
noise_bank_v2/raw/proc_fridge_compressor_08.wav,proc_fridge_compressor,12.204,16000
noise_bank_v2/raw/proc_fridge_compressor_09.wav,proc_fridge_compressor,15.69,16000
noise_bank_v2/raw/proc_hair_dryer_00.wav,proc_hair_dryer,10.137,16000
noise_bank_v2/raw/proc_hair_dryer_01.wav,proc_hair_dryer,11.624,16000
noise_bank_v2/raw/proc_hair_dryer_02.wav,proc_hair_dryer,10.908,16000
noise_bank_v2/raw/proc_hair_dryer_03.wav,proc_hair_dryer,12.589,16000
noise_bank_v2/raw/proc_hair_dryer_04.wav,proc_hair_dryer,15.042,16000
noise_bank_v2/raw/proc_hair_dryer_05.wav,proc_hair_dryer,17.579,16000
noise_bank_v2/raw/proc_hair_dryer_06.wav,proc_hair_dryer,12.153,16000
noise_bank_v2/raw/proc_hair_dryer_07.wav,proc_hair_dryer,13.619,16000
noise_bank_v2/raw/proc_hair_dryer_08.wav,proc_hair_dryer,13.676,16000
noise_bank_v2/raw/proc_hair_dryer_09.wav,proc_hair_dryer,12.242,16000
noise_bank_v2/raw/proc_keyboard_extra_00.wav,proc_keyboard_extra,12.567,16000
noise_bank_v2/raw/proc_keyboard_extra_01.wav,proc_keyboard_extra,8.689,16000
noise_bank_v2/raw/proc_keyboard_extra_02.wav,proc_keyboard_extra,12.727,16000
noise_bank_v2/raw/proc_keyboard_extra_03.wav,proc_keyboard_extra,13.217,16000
noise_bank_v2/raw/proc_keyboard_extra_04.wav,proc_keyboard_extra,13.061,16000
noise_bank_v2/raw/proc_keyboard_extra_05.wav,proc_keyboard_extra,17.591,16000
noise_bank_v2/raw/proc_keyboard_extra_06.wav,proc_keyboard_extra,16.075,16000
noise_bank_v2/raw/proc_keyboard_extra_07.wav,proc_keyboard_extra,10.118,16000
noise_bank_v2/raw/proc_keyboard_extra_08.wav,proc_keyboard_extra,8.042,16000
noise_bank_v2/raw/proc_keyboard_extra_09.wav,proc_keyboard_extra,10.701,16000
noise_bank_v2/raw/proc_mic_self_noise_00.wav,proc_mic_self_noise,9.665,16000
noise_bank_v2/raw/proc_mic_self_noise_01.wav,proc_mic_self_noise,11.229,16000
noise_bank_v2/raw/proc_mic_self_noise_02.wav,proc_mic_self_noise,15.685,16000
noise_bank_v2/raw/proc_mic_self_noise_03.wav,proc_mic_self_noise,14.958,16000
noise_bank_v2/raw/proc_mic_self_noise_04.wav,proc_mic_self_noise,8.991,16000
noise_bank_v2/raw/proc_mic_self_noise_05.wav,proc_mic_self_noise,15.284,16000
noise_bank_v2/raw/proc_mic_self_noise_06.wav,proc_mic_self_noise,13.315,16000
noise_bank_v2/raw/proc_mic_self_noise_07.wav,proc_mic_self_noise,11.112,16000
noise_bank_v2/raw/proc_mic_self_noise_08.wav,proc_mic_self_noise,14.34,16000
noise_bank_v2/raw/proc_mic_self_noise_09.wav,proc_mic_self_noise,16.751,16000
noise_bank_v2/raw/proc_microwave_beep_00.wav,proc_microwave_beep,17.8,16000
noise_bank_v2/raw/proc_microwave_beep_01.wav,proc_microwave_beep,17.594,16000
noise_bank_v2/raw/proc_microwave_beep_02.wav,proc_microwave_beep,16.198,16000
noise_bank_v2/raw/proc_microwave_beep_03.wav,proc_microwave_beep,10.553,16000
noise_bank_v2/raw/proc_microwave_beep_04.wav,proc_microwave_beep,11.853,16000
noise_bank_v2/raw/proc_microwave_beep_05.wav,proc_microwave_beep,15.286,16000
noise_bank_v2/raw/proc_microwave_beep_06.wav,proc_microwave_beep,17.273,16000
noise_bank_v2/raw/proc_microwave_beep_07.wav,proc_microwave_beep,9.34,16000
noise_bank_v2/raw/proc_microwave_beep_08.wav,proc_microwave_beep,11.06,16000
noise_bank_v2/raw/proc_microwave_beep_09.wav,proc_microwave_beep,8.11,16000
noise_bank_v2/raw/proc_notification_chime_00.wav,proc_notification_chime,9.116,16000
noise_bank_v2/raw/proc_notification_chime_01.wav,proc_notification_chime,16.823,16000
noise_bank_v2/raw/proc_notification_chime_02.wav,proc_notification_chime,17.312,16000
noise_bank_v2/raw/proc_notification_chime_03.wav,proc_notification_chime,13.888,16000
noise_bank_v2/raw/proc_notification_chime_04.wav,proc_notification_chime,11.627,16000
noise_bank_v2/raw/proc_notification_chime_05.wav,proc_notification_chime,9.181,16000
noise_bank_v2/raw/proc_notification_chime_06.wav,proc_notification_chime,14.222,16000
noise_bank_v2/raw/proc_notification_chime_07.wav,proc_notification_chime,12.999,16000
noise_bank_v2/raw/proc_notification_chime_08.wav,proc_notification_chime,14.562,16000
noise_bank_v2/raw/proc_notification_chime_09.wav,proc_notification_chime,10.813,16000
noise_bank_v2/raw/proc_phone_ring_00.wav,proc_phone_ring,11.529,16000
noise_bank_v2/raw/proc_phone_ring_01.wav,proc_phone_ring,10.507,16000
noise_bank_v2/raw/proc_phone_ring_02.wav,proc_phone_ring,12.3,16000
noise_bank_v2/raw/proc_phone_ring_03.wav,proc_phone_ring,14.051,16000
noise_bank_v2/raw/proc_phone_ring_04.wav,proc_phone_ring,15.616,16000
noise_bank_v2/raw/proc_phone_ring_05.wav,proc_phone_ring,16.97,16000
noise_bank_v2/raw/proc_phone_ring_06.wav,proc_phone_ring,14.972,16000
noise_bank_v2/raw/proc_phone_ring_07.wav,proc_phone_ring,17.018,16000
noise_bank_v2/raw/proc_phone_ring_08.wav,proc_phone_ring,13.122,16000
noise_bank_v2/raw/proc_phone_ring_09.wav,proc_phone_ring,16.515,16000
noise_bank_v2/raw/proc_plastic_crumple_00.wav,proc_plastic_crumple,10.681,16000
noise_bank_v2/raw/proc_plastic_crumple_01.wav,proc_plastic_crumple,9.769,16000
noise_bank_v2/raw/proc_plastic_crumple_02.wav,proc_plastic_crumple,8.656,16000
noise_bank_v2/raw/proc_plastic_crumple_03.wav,proc_plastic_crumple,13.345,16000
noise_bank_v2/raw/proc_plastic_crumple_04.wav,proc_plastic_crumple,14.152,16000
noise_bank_v2/raw/proc_plastic_crumple_05.wav,proc_plastic_crumple,14.065,16000
noise_bank_v2/raw/proc_plastic_crumple_06.wav,proc_plastic_crumple,17.176,16000
noise_bank_v2/raw/proc_plastic_crumple_07.wav,proc_plastic_crumple,14.584,16000
noise_bank_v2/raw/proc_plastic_crumple_08.wav,proc_plastic_crumple,15.423,16000
noise_bank_v2/raw/proc_plastic_crumple_09.wav,proc_plastic_crumple,12.236,16000
noise_bank_v2/raw/proc_power_tool_00.wav,proc_power_tool,8.465,16000
noise_bank_v2/raw/proc_power_tool_01.wav,proc_power_tool,9.236,16000
noise_bank_v2/raw/proc_power_tool_02.wav,proc_power_tool,14.895,16000
noise_bank_v2/raw/proc_power_tool_03.wav,proc_power_tool,17.866,16000
noise_bank_v2/raw/proc_power_tool_04.wav,proc_power_tool,17.114,16000
noise_bank_v2/raw/proc_power_tool_05.wav,proc_power_tool,14.381,16000
noise_bank_v2/raw/proc_power_tool_06.wav,proc_power_tool,14.552,16000
noise_bank_v2/raw/proc_power_tool_07.wav,proc_power_tool,9.732,16000
noise_bank_v2/raw/proc_power_tool_08.wav,proc_power_tool,17.47,16000
noise_bank_v2/raw/proc_power_tool_09.wav,proc_power_tool,9.938,16000
noise_bank_v2/raw/proc_printer_00.wav,proc_printer,12.221,16000
noise_bank_v2/raw/proc_printer_01.wav,proc_printer,16.275,16000
noise_bank_v2/raw/proc_printer_02.wav,proc_printer,16.997,16000
noise_bank_v2/raw/proc_printer_03.wav,proc_printer,9.133,16000
noise_bank_v2/raw/proc_printer_04.wav,proc_printer,11.993,16000
noise_bank_v2/raw/proc_printer_05.wav,proc_printer,13.168,16000
noise_bank_v2/raw/proc_printer_06.wav,proc_printer,9.387,16000
noise_bank_v2/raw/proc_printer_07.wav,proc_printer,12.787,16000
noise_bank_v2/raw/proc_printer_08.wav,proc_printer,13.885,16000
noise_bank_v2/raw/proc_printer_09.wav,proc_printer,8.743,16000
noise_bank_v2/raw/proc_rain_on_glass_00.wav,proc_rain_on_glass,14.147,16000
noise_bank_v2/raw/proc_rain_on_glass_01.wav,proc_rain_on_glass,14.089,16000
noise_bank_v2/raw/proc_rain_on_glass_02.wav,proc_rain_on_glass,10.997,16000
noise_bank_v2/raw/proc_rain_on_glass_03.wav,proc_rain_on_glass,12.785,16000
noise_bank_v2/raw/proc_rain_on_glass_04.wav,proc_rain_on_glass,17.83,16000
noise_bank_v2/raw/proc_rain_on_glass_05.wav,proc_rain_on_glass,10.443,16000
noise_bank_v2/raw/proc_rain_on_glass_06.wav,proc_rain_on_glass,12.716,16000
noise_bank_v2/raw/proc_rain_on_glass_07.wav,proc_rain_on_glass,10.723,16000
noise_bank_v2/raw/proc_rain_on_glass_08.wav,proc_rain_on_glass,10.064,16000
noise_bank_v2/raw/proc_rain_on_glass_09.wav,proc_rain_on_glass,9.054,16000
noise_bank_v2/raw/proc_sewing_machine_00.wav,proc_sewing_machine,9.403,16000
noise_bank_v2/raw/proc_sewing_machine_01.wav,proc_sewing_machine,16.319,16000
noise_bank_v2/raw/proc_sewing_machine_02.wav,proc_sewing_machine,12.658,16000
noise_bank_v2/raw/proc_sewing_machine_03.wav,proc_sewing_machine,9.934,16000
noise_bank_v2/raw/proc_sewing_machine_04.wav,proc_sewing_machine,12.872,16000
noise_bank_v2/raw/proc_sewing_machine_05.wav,proc_sewing_machine,12.541,16000
noise_bank_v2/raw/proc_sewing_machine_06.wav,proc_sewing_machine,11.747,16000
noise_bank_v2/raw/proc_sewing_machine_07.wav,proc_sewing_machine,12.664,16000
noise_bank_v2/raw/proc_sewing_machine_08.wav,proc_sewing_machine,10.634,16000
noise_bank_v2/raw/proc_sewing_machine_09.wav,proc_sewing_machine,17.58,16000
noise_bank_v2/raw/proc_transformer_hum_00.wav,proc_transformer_hum,16.868,16000
noise_bank_v2/raw/proc_transformer_hum_01.wav,proc_transformer_hum,8.236,16000
noise_bank_v2/raw/proc_transformer_hum_02.wav,proc_transformer_hum,16.987,16000
noise_bank_v2/raw/proc_transformer_hum_03.wav,proc_transformer_hum,17.664,16000
noise_bank_v2/raw/proc_transformer_hum_04.wav,proc_transformer_hum,15.076,16000
noise_bank_v2/raw/proc_transformer_hum_05.wav,proc_transformer_hum,10.296,16000
noise_bank_v2/raw/proc_transformer_hum_06.wav,proc_transformer_hum,17.739,16000
noise_bank_v2/raw/proc_transformer_hum_07.wav,proc_transformer_hum,9.582,16000
noise_bank_v2/raw/proc_transformer_hum_08.wav,proc_transformer_hum,15.053,16000
noise_bank_v2/raw/proc_transformer_hum_09.wav,proc_transformer_hum,13.851,16000
noise_bank_v2/raw/proc_tv_static_00.wav,proc_tv_static,17.489,16000
noise_bank_v2/raw/proc_tv_static_01.wav,proc_tv_static,16.13,16000
noise_bank_v2/raw/proc_tv_static_02.wav,proc_tv_static,16.087,16000
noise_bank_v2/raw/proc_tv_static_03.wav,proc_tv_static,11.102,16000
noise_bank_v2/raw/proc_tv_static_04.wav,proc_tv_static,13.013,16000
noise_bank_v2/raw/proc_tv_static_05.wav,proc_tv_static,16.36,16000
noise_bank_v2/raw/proc_tv_static_06.wav,proc_tv_static,9.864,16000
noise_bank_v2/raw/proc_tv_static_07.wav,proc_tv_static,14.682,16000
noise_bank_v2/raw/proc_tv_static_08.wav,proc_tv_static,14.502,16000
noise_bank_v2/raw/proc_tv_static_09.wav,proc_tv_static,15.918,16000
noise_bank_v2/raw/proc_vacuum_cleaner_00.wav,proc_vacuum_cleaner,8.936,16000
noise_bank_v2/raw/proc_vacuum_cleaner_01.wav,proc_vacuum_cleaner,8.487,16000
noise_bank_v2/raw/proc_vacuum_cleaner_02.wav,proc_vacuum_cleaner,16.341,16000
noise_bank_v2/raw/proc_vacuum_cleaner_03.wav,proc_vacuum_cleaner,8.148,16000
noise_bank_v2/raw/proc_vacuum_cleaner_04.wav,proc_vacuum_cleaner,9.915,16000
noise_bank_v2/raw/proc_vacuum_cleaner_05.wav,proc_vacuum_cleaner,9.852,16000
noise_bank_v2/raw/proc_vacuum_cleaner_06.wav,proc_vacuum_cleaner,10.331,16000
noise_bank_v2/raw/proc_vacuum_cleaner_07.wav,proc_vacuum_cleaner,8.609,16000
noise_bank_v2/raw/proc_vacuum_cleaner_08.wav,proc_vacuum_cleaner,11.757,16000
noise_bank_v2/raw/proc_vacuum_cleaner_09.wav,proc_vacuum_cleaner,16.152,16000
noise_bank_v2/raw/proc_washing_machine_00.wav,proc_washing_machine,17.503,16000
noise_bank_v2/raw/proc_washing_machine_01.wav,proc_washing_machine,9.699,16000
noise_bank_v2/raw/proc_washing_machine_02.wav,proc_washing_machine,11.958,16000
noise_bank_v2/raw/proc_washing_machine_03.wav,proc_washing_machine,11.111,16000
noise_bank_v2/raw/proc_washing_machine_04.wav,proc_washing_machine,11.063,16000
noise_bank_v2/raw/proc_washing_machine_05.wav,proc_washing_machine,12.86,16000
noise_bank_v2/raw/proc_washing_machine_06.wav,proc_washing_machine,16.418,16000
noise_bank_v2/raw/proc_washing_machine_07.wav,proc_washing_machine,16.264,16000
noise_bank_v2/raw/proc_washing_machine_08.wav,proc_washing_machine,9.481,16000
noise_bank_v2/raw/proc_washing_machine_09.wav,proc_washing_machine,8.233,16000
noise_bank_v2/raw/esc50/airplane__1-11687-A-47.wav,airplane,5.0,16000
noise_bank_v2/raw/esc50/airplane__1-24796-A-47.wav,airplane,5.0,16000
noise_bank_v2/raw/esc50/airplane__1-36929-A-47.wav,airplane,5.0,16000
noise_bank_v2/raw/esc50/airplane__1-43807-A-47.wav,airplane,5.0,16000
noise_bank_v2/raw/esc50/airplane__1-43807-B-47.wav,airplane,5.0,16000
noise_bank_v2/raw/esc50/airplane__1-43807-C-47.wav,airplane,5.0,16000
noise_bank_v2/raw/esc50/airplane__1-43807-D-47.wav,airplane,5.0,16000
noise_bank_v2/raw/esc50/airplane__1-53467-A-47.wav,airplane,5.0,16000
noise_bank_v2/raw/esc50/airplane__2-105270-A-47.wav,airplane,5.0,16000
noise_bank_v2/raw/esc50/airplane__2-106849-A-47.wav,airplane,5.0,16000
noise_bank_v2/raw/esc50/airplane__2-160888-A-47.wav,airplane,5.0,16000
noise_bank_v2/raw/esc50/airplane__2-74361-A-47.wav,airplane,5.0,16000
noise_bank_v2/raw/esc50/airplane__2-78781-A-47.wav,airplane,5.0,16000
noise_bank_v2/raw/esc50/airplane__2-78799-A-47.wav,airplane,5.0,16000
noise_bank_v2/raw/esc50/airplane__2-96654-A-47.wav,airplane,5.0,16000
noise_bank_v2/raw/esc50/airplane__2-98866-A-47.wav,airplane,5.0,16000
noise_bank_v2/raw/esc50/airplane__3-115387-A-47.wav,airplane,5.0,16000
noise_bank_v2/raw/esc50/airplane__3-115387-B-47.wav,airplane,5.0,16000
noise_bank_v2/raw/esc50/airplane__3-115387-C-47.wav,airplane,5.0,16000
noise_bank_v2/raw/esc50/airplane__3-128512-A-47.wav,airplane,5.0,16000
noise_bank_v2/raw/esc50/airplane__3-128512-B-47.wav,airplane,5.0,16000
noise_bank_v2/raw/esc50/airplane__3-143560-A-47.wav,airplane,5.0,16000
noise_bank_v2/raw/esc50/airplane__3-143562-A-47.wav,airplane,5.0,16000
noise_bank_v2/raw/esc50/airplane__3-193767-A-47.wav,airplane,5.0,16000
noise_bank_v2/raw/esc50/airplane__4-161099-A-47.wav,airplane,5.0,16000
noise_bank_v2/raw/esc50/airplane__4-161099-B-47.wav,airplane,5.0,16000
noise_bank_v2/raw/esc50/airplane__4-161100-A-47.wav,airplane,5.0,16000
noise_bank_v2/raw/esc50/airplane__4-161103-A-47.wav,airplane,5.0,16000
noise_bank_v2/raw/esc50/airplane__4-161105-A-47.wav,airplane,5.0,16000
noise_bank_v2/raw/esc50/airplane__4-161105-B-47.wav,airplane,5.0,16000
noise_bank_v2/raw/esc50/airplane__4-251959-A-47.wav,airplane,5.0,16000
noise_bank_v2/raw/esc50/airplane__4-255371-A-47.wav,airplane,5.0,16000
noise_bank_v2/raw/esc50/airplane__5-215445-A-47.wav,airplane,5.0,16000
noise_bank_v2/raw/esc50/airplane__5-215447-A-47.wav,airplane,5.0,16000
noise_bank_v2/raw/esc50/airplane__5-215449-A-47.wav,airplane,5.0,16000
noise_bank_v2/raw/esc50/airplane__5-235956-A-47.wav,airplane,5.0,16000
noise_bank_v2/raw/esc50/airplane__5-251957-A-47.wav,airplane,5.0,16000
noise_bank_v2/raw/esc50/airplane__5-251962-A-47.wav,airplane,5.0,16000
noise_bank_v2/raw/esc50/airplane__5-251963-A-47.wav,airplane,5.0,16000
noise_bank_v2/raw/esc50/airplane__5-251971-A-47.wav,airplane,5.0,16000
noise_bank_v2/raw/esc50/breathing__1-18631-A-23.wav,breathing,5.0,16000
noise_bank_v2/raw/esc50/breathing__1-30709-A-23.wav,breathing,5.0,16000
noise_bank_v2/raw/esc50/breathing__1-30709-B-23.wav,breathing,5.0,16000
noise_bank_v2/raw/esc50/breathing__1-30709-C-23.wav,breathing,5.0,16000
noise_bank_v2/raw/esc50/breathing__1-36393-A-23.wav,breathing,5.0,16000
noise_bank_v2/raw/esc50/breathing__1-36397-A-23.wav,breathing,5.0,16000
noise_bank_v2/raw/esc50/breathing__1-36400-A-23.wav,breathing,5.0,16000
noise_bank_v2/raw/esc50/breathing__1-36402-A-23.wav,breathing,5.0,16000
noise_bank_v2/raw/esc50/breathing__2-50774-A-23.wav,breathing,5.0,16000
noise_bank_v2/raw/esc50/breathing__2-54961-A-23.wav,breathing,5.0,16000
noise_bank_v2/raw/esc50/breathing__2-54962-A-23.wav,breathing,5.0,16000
noise_bank_v2/raw/esc50/breathing__2-66205-A-23.wav,breathing,5.0,16000
noise_bank_v2/raw/esc50/breathing__2-82455-A-23.wav,breathing,5.0,16000
noise_bank_v2/raw/esc50/breathing__2-84965-A-23.wav,breathing,5.0,16000
noise_bank_v2/raw/esc50/breathing__2-95567-A-23.wav,breathing,5.0,16000
noise_bank_v2/raw/esc50/breathing__2-98392-A-23.wav,breathing,5.0,16000
noise_bank_v2/raw/esc50/breathing__3-108160-A-23.wav,breathing,5.0,16000
noise_bank_v2/raw/esc50/breathing__3-112557-A-23.wav,breathing,5.0,16000
noise_bank_v2/raw/esc50/breathing__3-112557-B-23.wav,breathing,5.0,16000
noise_bank_v2/raw/esc50/breathing__3-144128-A-23.wav,breathing,5.0,16000
noise_bank_v2/raw/esc50/breathing__3-144128-B-23.wav,breathing,5.0,16000
noise_bank_v2/raw/esc50/breathing__3-151206-A-23.wav,breathing,5.0,16000
noise_bank_v2/raw/esc50/breathing__3-166125-A-23.wav,breathing,5.0,16000
noise_bank_v2/raw/esc50/breathing__3-166125-B-23.wav,breathing,5.0,16000
noise_bank_v2/raw/esc50/breathing__4-171706-A-23.wav,breathing,5.0,16000
noise_bank_v2/raw/esc50/breathing__4-176914-A-23.wav,breathing,5.0,16000
noise_bank_v2/raw/esc50/breathing__4-198025-A-23.wav,breathing,5.0,16000
noise_bank_v2/raw/esc50/breathing__4-205526-A-23.wav,breathing,5.0,16000
noise_bank_v2/raw/esc50/breathing__4-205526-B-23.wav,breathing,5.0,16000
noise_bank_v2/raw/esc50/breathing__4-207116-A-23.wav,breathing,5.0,16000
noise_bank_v2/raw/esc50/breathing__4-210000-A-23.wav,breathing,5.0,16000
noise_bank_v2/raw/esc50/breathing__4-210000-B-23.wav,breathing,5.0,16000
noise_bank_v2/raw/esc50/breathing__5-213293-A-23.wav,breathing,5.0,16000
noise_bank_v2/raw/esc50/breathing__5-232816-A-23.wav,breathing,5.0,16000
noise_bank_v2/raw/esc50/breathing__5-233260-A-23.wav,breathing,5.0,16000
noise_bank_v2/raw/esc50/breathing__5-234335-A-23.wav,breathing,5.0,16000
noise_bank_v2/raw/esc50/breathing__5-235593-A-23.wav,breathing,5.0,16000
noise_bank_v2/raw/esc50/breathing__5-238492-A-23.wav,breathing,5.0,16000
noise_bank_v2/raw/esc50/breathing__5-260164-A-23.wav,breathing,5.0,16000
noise_bank_v2/raw/esc50/breathing__5-261464-A-23.wav,breathing,5.0,16000
noise_bank_v2/raw/esc50/brushing_teeth__1-17092-A-27.wav,brushing_teeth,5.0,16000
noise_bank_v2/raw/esc50/brushing_teeth__1-17092-B-27.wav,brushing_teeth,5.0,16000
noise_bank_v2/raw/esc50/brushing_teeth__1-45641-A-27.wav,brushing_teeth,5.0,16000
noise_bank_v2/raw/esc50/brushing_teeth__1-58923-A-27.wav,brushing_teeth,5.0,16000
noise_bank_v2/raw/esc50/brushing_teeth__1-58923-B-27.wav,brushing_teeth,5.0,16000
noise_bank_v2/raw/esc50/brushing_teeth__1-61534-A-27.wav,brushing_teeth,5.0,16000
noise_bank_v2/raw/esc50/brushing_teeth__1-67432-A-27.wav,brushing_teeth,5.0,16000
noise_bank_v2/raw/esc50/brushing_teeth__1-68628-A-27.wav,brushing_teeth,5.0,16000
noise_bank_v2/raw/esc50/brushing_teeth__2-73544-A-27.wav,brushing_teeth,5.0,16000
noise_bank_v2/raw/esc50/brushing_teeth__2-82071-A-27.wav,brushing_teeth,5.0,16000
noise_bank_v2/raw/esc50/brushing_teeth__2-83536-A-27.wav,brushing_teeth,5.0,16000
noise_bank_v2/raw/esc50/brushing_teeth__2-85434-A-27.wav,brushing_teeth,5.0,16000
noise_bank_v2/raw/esc50/brushing_teeth__2-86160-A-27.wav,brushing_teeth,5.0,16000
noise_bank_v2/raw/esc50/brushing_teeth__2-92627-A-27.wav,brushing_teeth,5.0,16000
noise_bank_v2/raw/esc50/brushing_teeth__2-94230-A-27.wav,brushing_teeth,5.0,16000
noise_bank_v2/raw/esc50/brushing_teeth__2-96904-A-27.wav,brushing_teeth,5.0,16000
noise_bank_v2/raw/esc50/brushing_teeth__3-100024-A-27.wav,brushing_teeth,5.0,16000
noise_bank_v2/raw/esc50/brushing_teeth__3-100024-B-27.wav,brushing_teeth,5.0,16000
noise_bank_v2/raw/esc50/brushing_teeth__3-112522-A-27.wav,brushing_teeth,5.0,16000
noise_bank_v2/raw/esc50/brushing_teeth__3-118069-A-27.wav,brushing_teeth,5.0,16000
noise_bank_v2/raw/esc50/brushing_teeth__3-118069-B-27.wav,brushing_teeth,5.0,16000
noise_bank_v2/raw/esc50/brushing_teeth__3-126391-A-27.wav,brushing_teeth,5.0,16000
noise_bank_v2/raw/esc50/brushing_teeth__3-126391-B-27.wav,brushing_teeth,5.0,16000
noise_bank_v2/raw/esc50/brushing_teeth__3-139331-A-27.wav,brushing_teeth,5.0,16000
noise_bank_v2/raw/esc50/brushing_teeth__4-144468-A-27.wav,brushing_teeth,5.0,16000
noise_bank_v2/raw/esc50/brushing_teeth__4-144468-B-27.wav,brushing_teeth,5.0,16000
noise_bank_v2/raw/esc50/brushing_teeth__4-154405-A-27.wav,brushing_teeth,5.0,16000
noise_bank_v2/raw/esc50/brushing_teeth__4-154405-B-27.wav,brushing_teeth,5.0,16000
noise_bank_v2/raw/esc50/brushing_teeth__4-172500-A-27.wav,brushing_teeth,5.0,16000
noise_bank_v2/raw/esc50/brushing_teeth__4-172500-B-27.wav,brushing_teeth,5.0,16000
noise_bank_v2/raw/esc50/brushing_teeth__4-172500-C-27.wav,brushing_teeth,5.0,16000
noise_bank_v2/raw/esc50/brushing_teeth__4-172500-D-27.wav,brushing_teeth,5.0,16000
noise_bank_v2/raw/esc50/brushing_teeth__5-147297-A-27.wav,brushing_teeth,5.0,16000
noise_bank_v2/raw/esc50/brushing_teeth__5-180229-A-27.wav,brushing_teeth,5.0,16000
noise_bank_v2/raw/esc50/brushing_teeth__5-185516-A-27.wav,brushing_teeth,5.0,16000
noise_bank_v2/raw/esc50/brushing_teeth__5-212050-A-27.wav,brushing_teeth,5.0,16000
noise_bank_v2/raw/esc50/brushing_teeth__5-218196-A-27.wav,brushing_teeth,5.0,16000
noise_bank_v2/raw/esc50/brushing_teeth__5-218196-B-27.wav,brushing_teeth,5.0,16000
noise_bank_v2/raw/esc50/brushing_teeth__5-220939-A-27.wav,brushing_teeth,5.0,16000
noise_bank_v2/raw/esc50/brushing_teeth__5-238938-A-27.wav,brushing_teeth,5.0,16000
noise_bank_v2/raw/esc50/can_opening__1-101404-A-34.wav,can_opening,5.0,16000
noise_bank_v2/raw/esc50/can_opening__1-41615-A-34.wav,can_opening,5.0,16000
noise_bank_v2/raw/esc50/can_opening__1-43764-A-34.wav,can_opening,5.0,16000
noise_bank_v2/raw/esc50/can_opening__1-58846-A-34.wav,can_opening,5.0,16000
noise_bank_v2/raw/esc50/can_opening__1-60676-A-34.wav,can_opening,5.0,16000
noise_bank_v2/raw/esc50/can_opening__1-68670-A-34.wav,can_opening,5.0,16000
noise_bank_v2/raw/esc50/can_opening__1-68734-A-34.wav,can_opening,5.0,16000
noise_bank_v2/raw/esc50/can_opening__1-69165-A-34.wav,can_opening,5.0,16000
noise_bank_v2/raw/esc50/can_opening__2-130245-A-34.wav,can_opening,5.0,16000
noise_bank_v2/raw/esc50/can_opening__2-144031-A-34.wav,can_opening,5.0,16000
noise_bank_v2/raw/esc50/can_opening__2-81112-A-34.wav,can_opening,5.0,16000
noise_bank_v2/raw/esc50/can_opening__2-81190-A-34.wav,can_opening,5.0,16000
noise_bank_v2/raw/esc50/can_opening__2-83667-A-34.wav,can_opening,5.0,16000
noise_bank_v2/raw/esc50/can_opening__2-83688-A-34.wav,can_opening,5.0,16000
noise_bank_v2/raw/esc50/can_opening__2-85471-A-34.wav,can_opening,5.0,16000
noise_bank_v2/raw/esc50/can_opening__2-87282-A-34.wav,can_opening,5.0,16000
noise_bank_v2/raw/esc50/can_opening__3-147342-A-34.wav,can_opening,5.0,16000
noise_bank_v2/raw/esc50/can_opening__3-147343-A-34.wav,can_opening,5.0,16000
noise_bank_v2/raw/esc50/can_opening__3-148932-A-34.wav,can_opening,5.0,16000
noise_bank_v2/raw/esc50/can_opening__3-155659-A-34.wav,can_opening,5.0,16000
noise_bank_v2/raw/esc50/can_opening__3-166546-A-34.wav,can_opening,5.0,16000
noise_bank_v2/raw/esc50/can_opening__3-166546-B-34.wav,can_opening,5.0,16000
noise_bank_v2/raw/esc50/can_opening__3-170002-A-34.wav,can_opening,5.0,16000
noise_bank_v2/raw/esc50/can_opening__3-171937-A-34.wav,can_opening,5.0,16000
noise_bank_v2/raw/esc50/can_opening__4-175025-A-34.wav,can_opening,5.0,16000
noise_bank_v2/raw/esc50/can_opening__4-179836-A-34.wav,can_opening,5.0,16000
noise_bank_v2/raw/esc50/can_opening__4-187384-A-34.wav,can_opening,5.0,16000
noise_bank_v2/raw/esc50/can_opening__4-188003-A-34.wav,can_opening,5.0,16000
noise_bank_v2/raw/esc50/can_opening__4-212728-A-34.wav,can_opening,5.0,16000
noise_bank_v2/raw/esc50/can_opening__4-215635-A-34.wav,can_opening,5.0,16000
noise_bank_v2/raw/esc50/can_opening__4-216349-A-34.wav,can_opening,5.0,16000
noise_bank_v2/raw/esc50/can_opening__4-264453-A-34.wav,can_opening,5.0,16000
noise_bank_v2/raw/esc50/can_opening__5-221878-A-34.wav,can_opening,5.0,16000
noise_bank_v2/raw/esc50/can_opening__5-236299-A-34.wav,can_opening,5.0,16000
noise_bank_v2/raw/esc50/can_opening__5-237795-A-34.wav,can_opening,5.0,16000
noise_bank_v2/raw/esc50/can_opening__5-244327-A-34.wav,can_opening,5.0,16000
noise_bank_v2/raw/esc50/can_opening__5-244933-A-34.wav,can_opening,5.0,16000
noise_bank_v2/raw/esc50/can_opening__5-250753-A-34.wav,can_opening,5.0,16000
noise_bank_v2/raw/esc50/can_opening__5-252248-A-34.wav,can_opening,5.0,16000
noise_bank_v2/raw/esc50/can_opening__5-260011-A-34.wav,can_opening,5.0,16000
noise_bank_v2/raw/esc50/car_horn__1-17124-A-43.wav,car_horn,5.0,16000
noise_bank_v2/raw/esc50/car_horn__1-19026-A-43.wav,car_horn,5.0,16000
noise_bank_v2/raw/esc50/car_horn__1-24074-A-43.wav,car_horn,5.0,16000
noise_bank_v2/raw/esc50/car_horn__1-24076-A-43.wav,car_horn,5.0,16000
noise_bank_v2/raw/esc50/car_horn__1-254507-A-43.wav,car_horn,5.0,16000
noise_bank_v2/raw/esc50/car_horn__1-26176-A-43.wav,car_horn,5.0,16000
noise_bank_v2/raw/esc50/car_horn__1-26177-A-43.wav,car_horn,5.0,16000
noise_bank_v2/raw/esc50/car_horn__1-28808-A-43.wav,car_horn,5.0,16000
noise_bank_v2/raw/esc50/car_horn__2-100648-A-43.wav,car_horn,5.0,16000
noise_bank_v2/raw/esc50/car_horn__2-125520-A-43.wav,car_horn,5.0,16000
noise_bank_v2/raw/esc50/car_horn__2-128465-A-43.wav,car_horn,5.0,16000
noise_bank_v2/raw/esc50/car_horn__2-128465-B-43.wav,car_horn,5.0,16000
noise_bank_v2/raw/esc50/car_horn__2-138465-A-43.wav,car_horn,5.0,16000
noise_bank_v2/raw/esc50/car_horn__2-144137-A-43.wav,car_horn,5.0,16000
noise_bank_v2/raw/esc50/car_horn__2-42101-A-43.wav,car_horn,5.0,16000
noise_bank_v2/raw/esc50/car_horn__2-54086-A-43.wav,car_horn,5.0,16000
noise_bank_v2/raw/esc50/car_horn__3-145577-A-43.wav,car_horn,5.0,16000
noise_bank_v2/raw/esc50/car_horn__3-146697-A-43.wav,car_horn,5.0,16000
noise_bank_v2/raw/esc50/car_horn__3-153057-A-43.wav,car_horn,5.0,16000
noise_bank_v2/raw/esc50/car_horn__3-155130-A-43.wav,car_horn,5.0,16000
noise_bank_v2/raw/esc50/car_horn__3-155234-A-43.wav,car_horn,5.0,16000
noise_bank_v2/raw/esc50/car_horn__3-161010-A-43.wav,car_horn,5.0,16000
noise_bank_v2/raw/esc50/car_horn__3-174840-A-43.wav,car_horn,5.0,16000
noise_bank_v2/raw/esc50/car_horn__3-243726-A-43.wav,car_horn,5.0,16000
noise_bank_v2/raw/esc50/car_horn__4-175845-A-43.wav,car_horn,5.0,16000
noise_bank_v2/raw/esc50/car_horn__4-175846-A-43.wav,car_horn,5.0,16000
noise_bank_v2/raw/esc50/car_horn__4-175855-A-43.wav,car_horn,5.0,16000
noise_bank_v2/raw/esc50/car_horn__4-175856-A-43.wav,car_horn,5.0,16000
noise_bank_v2/raw/esc50/car_horn__4-176631-A-43.wav,car_horn,5.0,16000
noise_bank_v2/raw/esc50/car_horn__4-176638-A-43.wav,car_horn,5.0,16000
noise_bank_v2/raw/esc50/car_horn__4-178402-A-43.wav,car_horn,5.0,16000
noise_bank_v2/raw/esc50/car_horn__4-191015-A-43.wav,car_horn,5.0,16000
noise_bank_v2/raw/esc50/car_horn__5-179860-A-43.wav,car_horn,5.0,16000
noise_bank_v2/raw/esc50/car_horn__5-179863-A-43.wav,car_horn,5.0,16000
noise_bank_v2/raw/esc50/car_horn__5-179865-A-43.wav,car_horn,5.0,16000
noise_bank_v2/raw/esc50/car_horn__5-179866-A-43.wav,car_horn,5.0,16000
noise_bank_v2/raw/esc50/car_horn__5-179868-A-43.wav,car_horn,5.0,16000
noise_bank_v2/raw/esc50/car_horn__5-180156-A-43.wav,car_horn,5.0,16000
noise_bank_v2/raw/esc50/car_horn__5-180156-B-43.wav,car_horn,5.0,16000
noise_bank_v2/raw/esc50/car_horn__5-180156-C-43.wav,car_horn,5.0,16000
noise_bank_v2/raw/esc50/cat__1-34094-A-5.wav,cat,5.0,16000
noise_bank_v2/raw/esc50/cat__1-34094-B-5.wav,cat,5.0,16000
noise_bank_v2/raw/esc50/cat__1-47819-A-5.wav,cat,5.0,16000
noise_bank_v2/raw/esc50/cat__1-47819-B-5.wav,cat,5.0,16000
noise_bank_v2/raw/esc50/cat__1-47819-C-5.wav,cat,5.0,16000
noise_bank_v2/raw/esc50/cat__1-56380-A-5.wav,cat,5.0,16000
noise_bank_v2/raw/esc50/cat__1-56380-B-5.wav,cat,5.0,16000
noise_bank_v2/raw/esc50/cat__1-79113-A-5.wav,cat,5.0,16000
noise_bank_v2/raw/esc50/cat__2-110010-A-5.wav,cat,5.0,16000
noise_bank_v2/raw/esc50/cat__2-110011-A-5.wav,cat,5.0,16000
noise_bank_v2/raw/esc50/cat__2-69131-A-5.wav,cat,5.0,16000
noise_bank_v2/raw/esc50/cat__2-69131-B-5.wav,cat,5.0,16000
noise_bank_v2/raw/esc50/cat__2-82274-A-5.wav,cat,5.0,16000
noise_bank_v2/raw/esc50/cat__2-82274-B-5.wav,cat,5.0,16000
noise_bank_v2/raw/esc50/cat__2-83934-A-5.wav,cat,5.0,16000
noise_bank_v2/raw/esc50/cat__2-83934-B-5.wav,cat,5.0,16000
noise_bank_v2/raw/esc50/cat__3-146964-A-5.wav,cat,5.0,16000
noise_bank_v2/raw/esc50/cat__3-146965-A-5.wav,cat,5.0,16000
noise_bank_v2/raw/esc50/cat__3-146972-A-5.wav,cat,5.0,16000
noise_bank_v2/raw/esc50/cat__3-95694-A-5.wav,cat,5.0,16000
noise_bank_v2/raw/esc50/cat__3-95695-A-5.wav,cat,5.0,16000
noise_bank_v2/raw/esc50/cat__3-95695-B-5.wav,cat,5.0,16000
noise_bank_v2/raw/esc50/cat__3-95697-A-5.wav,cat,5.0,16000
noise_bank_v2/raw/esc50/cat__3-95698-A-5.wav,cat,5.0,16000
noise_bank_v2/raw/esc50/cat__4-120160-A-5.wav,cat,5.0,16000
noise_bank_v2/raw/esc50/cat__4-133047-A-5.wav,cat,5.0,16000
noise_bank_v2/raw/esc50/cat__4-133047-B-5.wav,cat,5.0,16000
noise_bank_v2/raw/esc50/cat__4-133047-C-5.wav,cat,5.0,16000
noise_bank_v2/raw/esc50/cat__4-149940-A-5.wav,cat,5.0,16000
noise_bank_v2/raw/esc50/cat__4-149940-B-5.wav,cat,5.0,16000
noise_bank_v2/raw/esc50/cat__4-161303-A-5.wav,cat,5.0,16000
noise_bank_v2/raw/esc50/cat__4-161303-B-5.wav,cat,5.0,16000
noise_bank_v2/raw/esc50/cat__5-169983-A-5.wav,cat,5.0,16000
noise_bank_v2/raw/esc50/cat__5-172299-A-5.wav,cat,5.0,16000
noise_bank_v2/raw/esc50/cat__5-172639-A-5.wav,cat,5.0,16000
noise_bank_v2/raw/esc50/cat__5-177614-A-5.wav,cat,5.0,16000
noise_bank_v2/raw/esc50/cat__5-214759-A-5.wav,cat,5.0,16000
noise_bank_v2/raw/esc50/cat__5-214759-B-5.wav,cat,5.0,16000
noise_bank_v2/raw/esc50/cat__5-256452-A-5.wav,cat,5.0,16000
noise_bank_v2/raw/esc50/cat__5-259169-A-5.wav,cat,5.0,16000
noise_bank_v2/raw/esc50/chainsaw__1-116765-A-41.wav,chainsaw,5.0,16000
noise_bank_v2/raw/esc50/chainsaw__1-19898-A-41.wav,chainsaw,5.0,16000
noise_bank_v2/raw/esc50/chainsaw__1-19898-B-41.wav,chainsaw,5.0,16000
noise_bank_v2/raw/esc50/chainsaw__1-19898-C-41.wav,chainsaw,5.0,16000
noise_bank_v2/raw/esc50/chainsaw__1-47250-A-41.wav,chainsaw,5.0,16000
noise_bank_v2/raw/esc50/chainsaw__1-47250-B-41.wav,chainsaw,5.0,16000
noise_bank_v2/raw/esc50/chainsaw__1-64398-A-41.wav,chainsaw,5.0,16000
noise_bank_v2/raw/esc50/chainsaw__1-64398-B-41.wav,chainsaw,5.0,16000
noise_bank_v2/raw/esc50/chainsaw__2-50667-A-41.wav,chainsaw,5.0,16000
noise_bank_v2/raw/esc50/chainsaw__2-50667-B-41.wav,chainsaw,5.0,16000
noise_bank_v2/raw/esc50/chainsaw__2-50668-A-41.wav,chainsaw,5.0,16000
noise_bank_v2/raw/esc50/chainsaw__2-50668-B-41.wav,chainsaw,5.0,16000
noise_bank_v2/raw/esc50/chainsaw__2-68391-A-41.wav,chainsaw,5.0,16000
noise_bank_v2/raw/esc50/chainsaw__2-68391-B-41.wav,chainsaw,5.0,16000
noise_bank_v2/raw/esc50/chainsaw__2-77945-A-41.wav,chainsaw,5.0,16000
noise_bank_v2/raw/esc50/chainsaw__2-77945-B-41.wav,chainsaw,5.0,16000
noise_bank_v2/raw/esc50/chainsaw__3-118656-A-41.wav,chainsaw,5.0,16000
noise_bank_v2/raw/esc50/chainsaw__3-118657-A-41.wav,chainsaw,5.0,16000
noise_bank_v2/raw/esc50/chainsaw__3-118657-B-41.wav,chainsaw,5.0,16000
noise_bank_v2/raw/esc50/chainsaw__3-118658-A-41.wav,chainsaw,5.0,16000
noise_bank_v2/raw/esc50/chainsaw__3-118658-B-41.wav,chainsaw,5.0,16000
noise_bank_v2/raw/esc50/chainsaw__3-118972-A-41.wav,chainsaw,5.0,16000
noise_bank_v2/raw/esc50/chainsaw__3-118972-B-41.wav,chainsaw,5.0,16000
noise_bank_v2/raw/esc50/chainsaw__3-165856-A-41.wav,chainsaw,5.0,16000
noise_bank_v2/raw/esc50/chainsaw__4-149294-A-41.wav,chainsaw,5.0,16000
noise_bank_v2/raw/esc50/chainsaw__4-149294-B-41.wav,chainsaw,5.0,16000
noise_bank_v2/raw/esc50/chainsaw__4-157611-A-41.wav,chainsaw,5.0,16000
noise_bank_v2/raw/esc50/chainsaw__4-157611-B-41.wav,chainsaw,5.0,16000
noise_bank_v2/raw/esc50/chainsaw__4-165823-A-41.wav,chainsaw,5.0,16000
noise_bank_v2/raw/esc50/chainsaw__4-165823-B-41.wav,chainsaw,5.0,16000
noise_bank_v2/raw/esc50/chainsaw__4-169127-A-41.wav,chainsaw,5.0,16000
noise_bank_v2/raw/esc50/chainsaw__4-169127-B-41.wav,chainsaw,5.0,16000
noise_bank_v2/raw/esc50/chainsaw__5-170338-A-41.wav,chainsaw,5.0,16000
noise_bank_v2/raw/esc50/chainsaw__5-170338-B-41.wav,chainsaw,5.0,16000
noise_bank_v2/raw/esc50/chainsaw__5-171653-A-41.wav,chainsaw,5.0,16000
noise_bank_v2/raw/esc50/chainsaw__5-185579-A-41.wav,chainsaw,5.0,16000
noise_bank_v2/raw/esc50/chainsaw__5-185579-B-41.wav,chainsaw,5.0,16000
noise_bank_v2/raw/esc50/chainsaw__5-216370-A-41.wav,chainsaw,5.0,16000
noise_bank_v2/raw/esc50/chainsaw__5-216370-B-41.wav,chainsaw,5.0,16000
noise_bank_v2/raw/esc50/chainsaw__5-222524-A-41.wav,chainsaw,5.0,16000
noise_bank_v2/raw/esc50/chirping_birds__1-100038-A-14.wav,chirping_birds,5.0,16000
noise_bank_v2/raw/esc50/chirping_birds__1-34495-A-14.wav,chirping_birds,5.0,16000
noise_bank_v2/raw/esc50/chirping_birds__1-34497-A-14.wav,chirping_birds,5.0,16000
noise_bank_v2/raw/esc50/chirping_birds__1-38559-A-14.wav,chirping_birds,5.0,16000
noise_bank_v2/raw/esc50/chirping_birds__1-38560-A-14.wav,chirping_birds,5.0,16000
noise_bank_v2/raw/esc50/chirping_birds__1-46040-A-14.wav,chirping_birds,5.0,16000
noise_bank_v2/raw/esc50/chirping_birds__1-54918-A-14.wav,chirping_birds,5.0,16000
noise_bank_v2/raw/esc50/chirping_birds__1-54918-B-14.wav,chirping_birds,5.0,16000
noise_bank_v2/raw/esc50/chirping_birds__2-108760-A-14.wav,chirping_birds,5.0,16000
noise_bank_v2/raw/esc50/chirping_birds__2-108760-B-14.wav,chirping_birds,5.0,16000
noise_bank_v2/raw/esc50/chirping_birds__2-108761-A-14.wav,chirping_birds,5.0,16000
noise_bank_v2/raw/esc50/chirping_birds__2-122616-A-14.wav,chirping_birds,5.0,16000
noise_bank_v2/raw/esc50/chirping_birds__2-72547-A-14.wav,chirping_birds,5.0,16000
noise_bank_v2/raw/esc50/chirping_birds__2-72547-B-14.wav,chirping_birds,5.0,16000
noise_bank_v2/raw/esc50/chirping_birds__2-72547-C-14.wav,chirping_birds,5.0,16000
noise_bank_v2/raw/esc50/chirping_birds__2-72547-D-14.wav,chirping_birds,5.0,16000
noise_bank_v2/raw/esc50/chirping_birds__3-155577-A-14.wav,chirping_birds,5.0,16000
noise_bank_v2/raw/esc50/chirping_birds__3-155578-A-14.wav,chirping_birds,5.0,16000
noise_bank_v2/raw/esc50/chirping_birds__3-155579-A-14.wav,chirping_birds,5.0,16000
noise_bank_v2/raw/esc50/chirping_birds__3-155583-A-14.wav,chirping_birds,5.0,16000
noise_bank_v2/raw/esc50/chirping_birds__3-155584-A-14.wav,chirping_birds,5.0,16000
noise_bank_v2/raw/esc50/chirping_birds__3-156581-A-14.wav,chirping_birds,5.0,16000
noise_bank_v2/raw/esc50/chirping_birds__3-156581-B-14.wav,chirping_birds,5.0,16000
noise_bank_v2/raw/esc50/chirping_birds__3-181132-A-14.wav,chirping_birds,5.0,16000
noise_bank_v2/raw/esc50/chirping_birds__4-159609-A-14.wav,chirping_birds,5.0,16000
noise_bank_v2/raw/esc50/chirping_birds__4-159609-B-14.wav,chirping_birds,5.0,16000
noise_bank_v2/raw/esc50/chirping_birds__4-182795-A-14.wav,chirping_birds,5.0,16000
noise_bank_v2/raw/esc50/chirping_birds__4-187769-A-14.wav,chirping_birds,5.0,16000
noise_bank_v2/raw/esc50/chirping_birds__4-187769-B-14.wav,chirping_birds,5.0,16000
noise_bank_v2/raw/esc50/chirping_birds__4-216211-A-14.wav,chirping_birds,5.0,16000
noise_bank_v2/raw/esc50/chirping_birds__4-223125-A-14.wav,chirping_birds,5.0,16000
noise_bank_v2/raw/esc50/chirping_birds__4-223127-A-14.wav,chirping_birds,5.0,16000
noise_bank_v2/raw/esc50/chirping_birds__5-242490-A-14.wav,chirping_birds,5.0,16000
noise_bank_v2/raw/esc50/chirping_birds__5-242491-A-14.wav,chirping_birds,5.0,16000
noise_bank_v2/raw/esc50/chirping_birds__5-243448-A-14.wav,chirping_birds,5.0,16000
noise_bank_v2/raw/esc50/chirping_birds__5-243449-A-14.wav,chirping_birds,5.0,16000
noise_bank_v2/raw/esc50/chirping_birds__5-243450-A-14.wav,chirping_birds,5.0,16000
noise_bank_v2/raw/esc50/chirping_birds__5-243459-A-14.wav,chirping_birds,5.0,16000
noise_bank_v2/raw/esc50/chirping_birds__5-243459-B-14.wav,chirping_birds,5.0,16000
noise_bank_v2/raw/esc50/chirping_birds__5-257839-A-14.wav,chirping_birds,5.0,16000
noise_bank_v2/raw/esc50/church_bells__1-13571-A-46.wav,church_bells,5.0,16000
noise_bank_v2/raw/esc50/church_bells__1-13572-A-46.wav,church_bells,5.0,16000
noise_bank_v2/raw/esc50/church_bells__1-21421-A-46.wav,church_bells,5.0,16000
noise_bank_v2/raw/esc50/church_bells__1-22804-A-46.wav,church_bells,5.0,16000
noise_bank_v2/raw/esc50/church_bells__1-40154-A-46.wav,church_bells,5.0,16000
noise_bank_v2/raw/esc50/church_bells__1-48298-A-46.wav,church_bells,5.0,16000
noise_bank_v2/raw/esc50/church_bells__1-54747-A-46.wav,church_bells,5.0,16000
noise_bank_v2/raw/esc50/church_bells__1-56907-A-46.wav,church_bells,5.0,16000
noise_bank_v2/raw/esc50/church_bells__2-56926-A-46.wav,church_bells,5.0,16000
noise_bank_v2/raw/esc50/church_bells__2-57191-A-46.wav,church_bells,5.0,16000
noise_bank_v2/raw/esc50/church_bells__2-59565-A-46.wav,church_bells,5.0,16000
noise_bank_v2/raw/esc50/church_bells__2-59566-A-46.wav,church_bells,5.0,16000
noise_bank_v2/raw/esc50/church_bells__2-61618-A-46.wav,church_bells,5.0,16000
noise_bank_v2/raw/esc50/church_bells__2-77346-A-46.wav,church_bells,5.0,16000
noise_bank_v2/raw/esc50/church_bells__2-77347-A-46.wav,church_bells,5.0,16000
noise_bank_v2/raw/esc50/church_bells__2-78381-A-46.wav,church_bells,5.0,16000
noise_bank_v2/raw/esc50/church_bells__3-111102-A-46.wav,church_bells,5.0,16000
noise_bank_v2/raw/esc50/church_bells__3-111102-B-46.wav,church_bells,5.0,16000
noise_bank_v2/raw/esc50/church_bells__3-122110-A-46.wav,church_bells,5.0,16000
noise_bank_v2/raw/esc50/church_bells__3-139109-A-46.wav,church_bells,5.0,16000
noise_bank_v2/raw/esc50/church_bells__3-87936-A-46.wav,church_bells,5.0,16000
noise_bank_v2/raw/esc50/church_bells__3-87936-B-46.wav,church_bells,5.0,16000
noise_bank_v2/raw/esc50/church_bells__3-98193-A-46.wav,church_bells,5.0,16000
noise_bank_v2/raw/esc50/church_bells__3-98869-A-46.wav,church_bells,5.0,16000
noise_bank_v2/raw/esc50/church_bells__4-125825-A-46.wav,church_bells,5.0,16000
noise_bank_v2/raw/esc50/church_bells__4-125825-B-46.wav,church_bells,5.0,16000
noise_bank_v2/raw/esc50/church_bells__4-140034-A-46.wav,church_bells,5.0,16000
noise_bank_v2/raw/esc50/church_bells__4-147657-A-46.wav,church_bells,5.0,16000
noise_bank_v2/raw/esc50/church_bells__4-147658-A-46.wav,church_bells,5.0,16000
noise_bank_v2/raw/esc50/church_bells__4-150364-A-46.wav,church_bells,5.0,16000
noise_bank_v2/raw/esc50/church_bells__4-150364-B-46.wav,church_bells,5.0,16000
noise_bank_v2/raw/esc50/church_bells__4-156827-A-46.wav,church_bells,5.0,16000
noise_bank_v2/raw/esc50/church_bells__5-179294-A-46.wav,church_bells,5.0,16000
noise_bank_v2/raw/esc50/church_bells__5-188716-A-46.wav,church_bells,5.0,16000
noise_bank_v2/raw/esc50/church_bells__5-197988-A-46.wav,church_bells,5.0,16000
noise_bank_v2/raw/esc50/church_bells__5-198373-A-46.wav,church_bells,5.0,16000
noise_bank_v2/raw/esc50/church_bells__5-201170-A-46.wav,church_bells,5.0,16000
noise_bank_v2/raw/esc50/church_bells__5-201172-A-46.wav,church_bells,5.0,16000
noise_bank_v2/raw/esc50/church_bells__5-204741-A-46.wav,church_bells,5.0,16000
noise_bank_v2/raw/esc50/church_bells__5-219044-A-46.wav,church_bells,5.0,16000
noise_bank_v2/raw/esc50/clapping__1-104089-A-22.wav,clapping,5.0,16000
noise_bank_v2/raw/esc50/clapping__1-104089-B-22.wav,clapping,5.0,16000
noise_bank_v2/raw/esc50/clapping__1-105224-A-22.wav,clapping,5.0,16000
noise_bank_v2/raw/esc50/clapping__1-110537-A-22.wav,clapping,5.0,16000
noise_bank_v2/raw/esc50/clapping__1-115920-A-22.wav,clapping,5.0,16000
noise_bank_v2/raw/esc50/clapping__1-115920-B-22.wav,clapping,5.0,16000
noise_bank_v2/raw/esc50/clapping__1-115921-A-22.wav,clapping,5.0,16000
noise_bank_v2/raw/esc50/clapping__1-94036-A-22.wav,clapping,5.0,16000
noise_bank_v2/raw/esc50/clapping__2-25292-A-22.wav,clapping,5.0,16000
noise_bank_v2/raw/esc50/clapping__2-25293-A-22.wav,clapping,5.0,16000
noise_bank_v2/raw/esc50/clapping__2-57733-A-22.wav,clapping,5.0,16000
noise_bank_v2/raw/esc50/clapping__2-60900-A-22.wav,clapping,5.0,16000
noise_bank_v2/raw/esc50/clapping__2-76408-A-22.wav,clapping,5.0,16000
noise_bank_v2/raw/esc50/clapping__2-76408-B-22.wav,clapping,5.0,16000
noise_bank_v2/raw/esc50/clapping__2-76408-C-22.wav,clapping,5.0,16000
noise_bank_v2/raw/esc50/clapping__2-76408-D-22.wav,clapping,5.0,16000
noise_bank_v2/raw/esc50/clapping__3-130330-A-22.wav,clapping,5.0,16000
noise_bank_v2/raw/esc50/clapping__3-138114-A-22.wav,clapping,5.0,16000
noise_bank_v2/raw/esc50/clapping__3-149465-A-22.wav,clapping,5.0,16000
noise_bank_v2/raw/esc50/clapping__3-177082-A-22.wav,clapping,5.0,16000
noise_bank_v2/raw/esc50/clapping__3-177083-A-22.wav,clapping,5.0,16000
noise_bank_v2/raw/esc50/clapping__3-181278-A-22.wav,clapping,5.0,16000
noise_bank_v2/raw/esc50/clapping__3-197435-A-22.wav,clapping,5.0,16000
noise_bank_v2/raw/esc50/clapping__3-197435-B-22.wav,clapping,5.0,16000
noise_bank_v2/raw/esc50/clapping__4-189828-A-22.wav,clapping,5.0,16000
noise_bank_v2/raw/esc50/clapping__4-189830-A-22.wav,clapping,5.0,16000
noise_bank_v2/raw/esc50/clapping__4-189832-A-22.wav,clapping,5.0,16000
noise_bank_v2/raw/esc50/clapping__4-189832-B-22.wav,clapping,5.0,16000
noise_bank_v2/raw/esc50/clapping__4-189833-A-22.wav,clapping,5.0,16000
noise_bank_v2/raw/esc50/clapping__4-189836-A-22.wav,clapping,5.0,16000
noise_bank_v2/raw/esc50/clapping__4-189838-A-22.wav,clapping,5.0,16000
noise_bank_v2/raw/esc50/clapping__4-205738-A-22.wav,clapping,5.0,16000
noise_bank_v2/raw/esc50/clapping__5-209989-A-22.wav,clapping,5.0,16000
noise_bank_v2/raw/esc50/clapping__5-218494-A-22.wav,clapping,5.0,16000
noise_bank_v2/raw/esc50/clapping__5-221567-A-22.wav,clapping,5.0,16000
noise_bank_v2/raw/esc50/clapping__5-221568-A-22.wav,clapping,5.0,16000
noise_bank_v2/raw/esc50/clapping__5-221950-A-22.wav,clapping,5.0,16000
noise_bank_v2/raw/esc50/clapping__5-249937-A-22.wav,clapping,5.0,16000
noise_bank_v2/raw/esc50/clapping__5-254160-A-22.wav,clapping,5.0,16000
noise_bank_v2/raw/esc50/clapping__5-262957-A-22.wav,clapping,5.0,16000
noise_bank_v2/raw/esc50/clock_alarm__1-13613-A-37.wav,clock_alarm,5.0,16000
noise_bank_v2/raw/esc50/clock_alarm__1-14262-A-37.wav,clock_alarm,5.0,16000
noise_bank_v2/raw/esc50/clock_alarm__1-34853-A-37.wav,clock_alarm,5.0,16000
noise_bank_v2/raw/esc50/clock_alarm__1-67033-A-37.wav,clock_alarm,5.0,16000
noise_bank_v2/raw/esc50/clock_alarm__1-72195-A-37.wav,clock_alarm,5.0,16000
noise_bank_v2/raw/esc50/clock_alarm__1-72195-B-37.wav,clock_alarm,5.0,16000
noise_bank_v2/raw/esc50/clock_alarm__1-74517-A-37.wav,clock_alarm,5.0,16000
noise_bank_v2/raw/esc50/clock_alarm__1-96890-A-37.wav,clock_alarm,5.0,16000
noise_bank_v2/raw/esc50/clock_alarm__2-102435-A-37.wav,clock_alarm,5.0,16000
noise_bank_v2/raw/esc50/clock_alarm__2-104475-A-37.wav,clock_alarm,5.0,16000
noise_bank_v2/raw/esc50/clock_alarm__2-104476-A-37.wav,clock_alarm,5.0,16000
noise_bank_v2/raw/esc50/clock_alarm__2-117116-A-37.wav,clock_alarm,5.0,16000
noise_bank_v2/raw/esc50/clock_alarm__2-78562-A-37.wav,clock_alarm,5.0,16000
noise_bank_v2/raw/esc50/clock_alarm__2-78562-B-37.wav,clock_alarm,5.0,16000
noise_bank_v2/raw/esc50/clock_alarm__2-89516-A-37.wav,clock_alarm,5.0,16000
noise_bank_v2/raw/esc50/clock_alarm__2-96063-A-37.wav,clock_alarm,5.0,16000
noise_bank_v2/raw/esc50/clock_alarm__3-117793-A-37.wav,clock_alarm,5.0,16000
noise_bank_v2/raw/esc50/clock_alarm__3-117883-A-37.wav,clock_alarm,5.0,16000
noise_bank_v2/raw/esc50/clock_alarm__3-120526-A-37.wav,clock_alarm,5.0,16000
noise_bank_v2/raw/esc50/clock_alarm__3-120526-B-37.wav,clock_alarm,5.0,16000
noise_bank_v2/raw/esc50/clock_alarm__3-131943-A-37.wav,clock_alarm,5.0,16000
noise_bank_v2/raw/esc50/clock_alarm__3-132340-A-37.wav,clock_alarm,5.0,16000
noise_bank_v2/raw/esc50/clock_alarm__3-139958-A-37.wav,clock_alarm,5.0,16000
noise_bank_v2/raw/esc50/clock_alarm__3-148297-A-37.wav,clock_alarm,5.0,16000
noise_bank_v2/raw/esc50/clock_alarm__4-151242-A-37.wav,clock_alarm,5.0,16000
noise_bank_v2/raw/esc50/clock_alarm__4-169508-A-37.wav,clock_alarm,5.0,16000
noise_bank_v2/raw/esc50/clock_alarm__4-172366-A-37.wav,clock_alarm,5.0,16000
noise_bank_v2/raw/esc50/clock_alarm__4-189332-A-37.wav,clock_alarm,5.0,16000
noise_bank_v2/raw/esc50/clock_alarm__4-198841-A-37.wav,clock_alarm,5.0,16000
noise_bank_v2/raw/esc50/clock_alarm__4-204684-A-37.wav,clock_alarm,5.0,16000
noise_bank_v2/raw/esc50/clock_alarm__4-209536-A-37.wav,clock_alarm,5.0,16000
noise_bank_v2/raw/esc50/clock_alarm__4-209698-A-37.wav,clock_alarm,5.0,16000
noise_bank_v2/raw/esc50/clock_alarm__5-210612-A-37.wav,clock_alarm,5.0,16000
noise_bank_v2/raw/esc50/clock_alarm__5-211408-A-37.wav,clock_alarm,5.0,16000
noise_bank_v2/raw/esc50/clock_alarm__5-219242-A-37.wav,clock_alarm,5.0,16000
noise_bank_v2/raw/esc50/clock_alarm__5-219242-B-37.wav,clock_alarm,5.0,16000
noise_bank_v2/raw/esc50/clock_alarm__5-223176-A-37.wav,clock_alarm,5.0,16000
noise_bank_v2/raw/esc50/clock_alarm__5-233645-A-37.wav,clock_alarm,5.0,16000
noise_bank_v2/raw/esc50/clock_alarm__5-234247-A-37.wav,clock_alarm,5.0,16000
noise_bank_v2/raw/esc50/clock_alarm__5-250629-A-37.wav,clock_alarm,5.0,16000
noise_bank_v2/raw/esc50/clock_tick__1-21934-A-38.wav,clock_tick,5.0,16000
noise_bank_v2/raw/esc50/clock_tick__1-21935-A-38.wav,clock_tick,5.0,16000
noise_bank_v2/raw/esc50/clock_tick__1-35687-A-38.wav,clock_tick,5.0,16000
noise_bank_v2/raw/esc50/clock_tick__1-42139-A-38.wav,clock_tick,5.0,16000
noise_bank_v2/raw/esc50/clock_tick__1-48413-A-38.wav,clock_tick,5.0,16000
noise_bank_v2/raw/esc50/clock_tick__1-57163-A-38.wav,clock_tick,5.0,16000
noise_bank_v2/raw/esc50/clock_tick__1-62849-A-38.wav,clock_tick,5.0,16000
noise_bank_v2/raw/esc50/clock_tick__1-62850-A-38.wav,clock_tick,5.0,16000
noise_bank_v2/raw/esc50/clock_tick__2-119748-A-38.wav,clock_tick,5.0,16000
noise_bank_v2/raw/esc50/clock_tick__2-127108-A-38.wav,clock_tick,5.0,16000
noise_bank_v2/raw/esc50/clock_tick__2-131943-A-38.wav,clock_tick,5.0,16000
noise_bank_v2/raw/esc50/clock_tick__2-134700-A-38.wav,clock_tick,5.0,16000
noise_bank_v2/raw/esc50/clock_tick__2-135728-A-38.wav,clock_tick,5.0,16000
noise_bank_v2/raw/esc50/clock_tick__2-140147-A-38.wav,clock_tick,5.0,16000
noise_bank_v2/raw/esc50/clock_tick__2-141584-A-38.wav,clock_tick,5.0,16000
noise_bank_v2/raw/esc50/clock_tick__2-88724-A-38.wav,clock_tick,5.0,16000
noise_bank_v2/raw/esc50/clock_tick__3-142593-A-38.wav,clock_tick,5.0,16000
noise_bank_v2/raw/esc50/clock_tick__3-143933-A-38.wav,clock_tick,5.0,16000
noise_bank_v2/raw/esc50/clock_tick__3-150363-A-38.wav,clock_tick,5.0,16000
noise_bank_v2/raw/esc50/clock_tick__3-164688-A-38.wav,clock_tick,5.0,16000
noise_bank_v2/raw/esc50/clock_tick__3-170377-A-38.wav,clock_tick,5.0,16000
noise_bank_v2/raw/esc50/clock_tick__3-170383-A-38.wav,clock_tick,5.0,16000
noise_bank_v2/raw/esc50/clock_tick__3-171012-A-38.wav,clock_tick,5.0,16000
noise_bank_v2/raw/esc50/clock_tick__3-171041-A-38.wav,clock_tick,5.0,16000
noise_bank_v2/raw/esc50/clock_tick__4-175945-A-38.wav,clock_tick,5.0,16000
noise_bank_v2/raw/esc50/clock_tick__4-179984-A-38.wav,clock_tick,5.0,16000
noise_bank_v2/raw/esc50/clock_tick__4-181035-A-38.wav,clock_tick,5.0,16000
noise_bank_v2/raw/esc50/clock_tick__4-181865-A-38.wav,clock_tick,5.0,16000
noise_bank_v2/raw/esc50/clock_tick__4-188033-A-38.wav,clock_tick,5.0,16000
noise_bank_v2/raw/esc50/clock_tick__4-191327-A-38.wav,clock_tick,5.0,16000
noise_bank_v2/raw/esc50/clock_tick__4-194711-A-38.wav,clock_tick,5.0,16000
noise_bank_v2/raw/esc50/clock_tick__4-198965-A-38.wav,clock_tick,5.0,16000
noise_bank_v2/raw/esc50/clock_tick__5-201194-A-38.wav,clock_tick,5.0,16000
noise_bank_v2/raw/esc50/clock_tick__5-208624-A-38.wav,clock_tick,5.0,16000
noise_bank_v2/raw/esc50/clock_tick__5-209698-A-38.wav,clock_tick,5.0,16000
noise_bank_v2/raw/esc50/clock_tick__5-209833-A-38.wav,clock_tick,5.0,16000
noise_bank_v2/raw/esc50/clock_tick__5-210571-A-38.wav,clock_tick,5.0,16000
noise_bank_v2/raw/esc50/clock_tick__5-212181-A-38.wav,clock_tick,5.0,16000
noise_bank_v2/raw/esc50/clock_tick__5-219342-A-38.wav,clock_tick,5.0,16000
noise_bank_v2/raw/esc50/clock_tick__5-235671-A-38.wav,clock_tick,5.0,16000
noise_bank_v2/raw/esc50/coughing__1-19111-A-24.wav,coughing,5.0,16000
noise_bank_v2/raw/esc50/coughing__1-19118-A-24.wav,coughing,5.0,16000
noise_bank_v2/raw/esc50/coughing__1-30830-A-24.wav,coughing,5.0,16000
noise_bank_v2/raw/esc50/coughing__1-52266-A-24.wav,coughing,5.0,16000
noise_bank_v2/raw/esc50/coughing__1-52323-A-24.wav,coughing,5.0,16000
noise_bank_v2/raw/esc50/coughing__1-53663-A-24.wav,coughing,5.0,16000
noise_bank_v2/raw/esc50/coughing__1-58792-A-24.wav,coughing,5.0,16000
noise_bank_v2/raw/esc50/coughing__1-63679-A-24.wav,coughing,5.0,16000
noise_bank_v2/raw/esc50/coughing__2-108017-A-24.wav,coughing,5.0,16000
noise_bank_v2/raw/esc50/coughing__2-123896-A-24.wav,coughing,5.0,16000
noise_bank_v2/raw/esc50/coughing__2-85292-A-24.wav,coughing,5.0,16000
noise_bank_v2/raw/esc50/coughing__2-87412-A-24.wav,coughing,5.0,16000
noise_bank_v2/raw/esc50/coughing__2-87794-A-24.wav,coughing,5.0,16000
noise_bank_v2/raw/esc50/coughing__2-87795-A-24.wav,coughing,5.0,16000
noise_bank_v2/raw/esc50/coughing__2-87799-A-24.wav,coughing,5.0,16000
noise_bank_v2/raw/esc50/coughing__2-98676-A-24.wav,coughing,5.0,16000
noise_bank_v2/raw/esc50/coughing__3-125418-A-24.wav,coughing,5.0,16000
noise_bank_v2/raw/esc50/coughing__3-132601-A-24.wav,coughing,5.0,16000
noise_bank_v2/raw/esc50/coughing__3-142604-A-24.wav,coughing,5.0,16000
noise_bank_v2/raw/esc50/coughing__3-145487-A-24.wav,coughing,5.0,16000
noise_bank_v2/raw/esc50/coughing__3-146873-A-24.wav,coughing,5.0,16000
noise_bank_v2/raw/esc50/coughing__3-149042-A-24.wav,coughing,5.0,16000
noise_bank_v2/raw/esc50/coughing__3-151212-A-24.wav,coughing,5.0,16000
noise_bank_v2/raw/esc50/coughing__3-151213-A-24.wav,coughing,5.0,16000
noise_bank_v2/raw/esc50/coughing__4-152995-A-24.wav,coughing,5.0,16000
noise_bank_v2/raw/esc50/coughing__4-154443-A-24.wav,coughing,5.0,16000
noise_bank_v2/raw/esc50/coughing__4-155650-A-24.wav,coughing,5.0,16000
noise_bank_v2/raw/esc50/coughing__4-155650-B-24.wav,coughing,5.0,16000
noise_bank_v2/raw/esc50/coughing__4-157296-A-24.wav,coughing,5.0,16000
noise_bank_v2/raw/esc50/coughing__4-169726-A-24.wav,coughing,5.0,16000
noise_bank_v2/raw/esc50/coughing__4-171396-A-24.wav,coughing,5.0,16000
noise_bank_v2/raw/esc50/coughing__4-177835-A-24.wav,coughing,5.0,16000
noise_bank_v2/raw/esc50/coughing__5-178997-A-24.wav,coughing,5.0,16000
noise_bank_v2/raw/esc50/coughing__5-184871-A-24.wav,coughing,5.0,16000
noise_bank_v2/raw/esc50/coughing__5-204604-A-24.wav,coughing,5.0,16000
noise_bank_v2/raw/esc50/coughing__5-207681-A-24.wav,coughing,5.0,16000
noise_bank_v2/raw/esc50/coughing__5-208761-A-24.wav,coughing,5.0,16000
noise_bank_v2/raw/esc50/coughing__5-209719-A-24.wav,coughing,5.0,16000
noise_bank_v2/raw/esc50/coughing__5-211197-A-24.wav,coughing,5.0,16000
noise_bank_v2/raw/esc50/coughing__5-251489-A-24.wav,coughing,5.0,16000
noise_bank_v2/raw/esc50/cow__1-16568-A-3.wav,cow,5.0,16000
noise_bank_v2/raw/esc50/cow__1-202111-A-3.wav,cow,5.0,16000
noise_bank_v2/raw/esc50/cow__1-58277-A-3.wav,cow,5.0,16000
noise_bank_v2/raw/esc50/cow__1-69422-A-3.wav,cow,5.0,16000
noise_bank_v2/raw/esc50/cow__1-69641-A-3.wav,cow,5.0,16000
noise_bank_v2/raw/esc50/cow__1-77160-A-3.wav,cow,5.0,16000
noise_bank_v2/raw/esc50/cow__1-77241-A-3.wav,cow,5.0,16000
noise_bank_v2/raw/esc50/cow__1-81269-A-3.wav,cow,5.0,16000
noise_bank_v2/raw/esc50/cow__2-103423-A-3.wav,cow,5.0,16000
noise_bank_v2/raw/esc50/cow__2-103424-A-3.wav,cow,5.0,16000
noise_bank_v2/raw/esc50/cow__2-103426-A-3.wav,cow,5.0,16000
noise_bank_v2/raw/esc50/cow__2-103427-A-3.wav,cow,5.0,16000
noise_bank_v2/raw/esc50/cow__2-103428-A-3.wav,cow,5.0,16000
noise_bank_v2/raw/esc50/cow__2-104877-A-3.wav,cow,5.0,16000
noise_bank_v2/raw/esc50/cow__2-117795-A-3.wav,cow,5.0,16000
noise_bank_v2/raw/esc50/cow__2-117795-B-3.wav,cow,5.0,16000
noise_bank_v2/raw/esc50/cow__3-124376-A-3.wav,cow,5.0,16000
noise_bank_v2/raw/esc50/cow__3-124376-B-3.wav,cow,5.0,16000
noise_bank_v2/raw/esc50/cow__3-126358-A-3.wav,cow,5.0,16000
noise_bank_v2/raw/esc50/cow__3-126358-B-3.wav,cow,5.0,16000
noise_bank_v2/raw/esc50/cow__3-152039-A-3.wav,cow,5.0,16000
noise_bank_v2/raw/esc50/cow__3-152039-B-3.wav,cow,5.0,16000
noise_bank_v2/raw/esc50/cow__3-160993-A-3.wav,cow,5.0,16000
noise_bank_v2/raw/esc50/cow__3-163727-A-3.wav,cow,5.0,16000
noise_bank_v2/raw/esc50/cow__4-174860-A-3.wav,cow,5.0,16000
noise_bank_v2/raw/esc50/cow__4-174860-B-3.wav,cow,5.0,16000
noise_bank_v2/raw/esc50/cow__4-181955-A-3.wav,cow,5.0,16000
noise_bank_v2/raw/esc50/cow__4-181955-B-3.wav,cow,5.0,16000
noise_bank_v2/raw/esc50/cow__4-181955-C-3.wav,cow,5.0,16000
noise_bank_v2/raw/esc50/cow__4-213915-A-3.wav,cow,5.0,16000
noise_bank_v2/raw/esc50/cow__4-213915-B-3.wav,cow,5.0,16000
noise_bank_v2/raw/esc50/cow__4-213915-C-3.wav,cow,5.0,16000
noise_bank_v2/raw/esc50/cow__5-194899-A-3.wav,cow,5.0,16000
noise_bank_v2/raw/esc50/cow__5-194899-B-3.wav,cow,5.0,16000
noise_bank_v2/raw/esc50/cow__5-194899-C-3.wav,cow,5.0,16000
noise_bank_v2/raw/esc50/cow__5-194899-D-3.wav,cow,5.0,16000
noise_bank_v2/raw/esc50/cow__5-202795-A-3.wav,cow,5.0,16000
noise_bank_v2/raw/esc50/cow__5-242492-A-3.wav,cow,5.0,16000
noise_bank_v2/raw/esc50/cow__5-253085-A-3.wav,cow,5.0,16000
noise_bank_v2/raw/esc50/cow__5-253085-B-3.wav,cow,5.0,16000
noise_bank_v2/raw/esc50/crackling_fire__1-17150-A-12.wav,crackling_fire,5.0,16000
noise_bank_v2/raw/esc50/crackling_fire__1-17565-A-12.wav,crackling_fire,5.0,16000
noise_bank_v2/raw/esc50/crackling_fire__1-17742-A-12.wav,crackling_fire,5.0,16000
noise_bank_v2/raw/esc50/crackling_fire__1-17808-A-12.wav,crackling_fire,5.0,16000
noise_bank_v2/raw/esc50/crackling_fire__1-17808-B-12.wav,crackling_fire,5.0,16000
noise_bank_v2/raw/esc50/crackling_fire__1-4211-A-12.wav,crackling_fire,5.0,16000
noise_bank_v2/raw/esc50/crackling_fire__1-46272-A-12.wav,crackling_fire,5.0,16000
noise_bank_v2/raw/esc50/crackling_fire__1-7057-A-12.wav,crackling_fire,5.0,16000
noise_bank_v2/raw/esc50/crackling_fire__2-18766-A-12.wav,crackling_fire,5.0,16000
noise_bank_v2/raw/esc50/crackling_fire__2-18766-B-12.wav,crackling_fire,5.0,16000
noise_bank_v2/raw/esc50/crackling_fire__2-28314-A-12.wav,crackling_fire,5.0,16000
noise_bank_v2/raw/esc50/crackling_fire__2-28314-B-12.wav,crackling_fire,5.0,16000
noise_bank_v2/raw/esc50/crackling_fire__2-30322-A-12.wav,crackling_fire,5.0,16000
noise_bank_v2/raw/esc50/crackling_fire__2-30322-B-12.wav,crackling_fire,5.0,16000
noise_bank_v2/raw/esc50/crackling_fire__2-61311-A-12.wav,crackling_fire,5.0,16000
noise_bank_v2/raw/esc50/crackling_fire__2-65747-A-12.wav,crackling_fire,5.0,16000
noise_bank_v2/raw/esc50/crackling_fire__3-104632-A-12.wav,crackling_fire,5.0,16000
noise_bank_v2/raw/esc50/crackling_fire__3-104958-A-12.wav,crackling_fire,5.0,16000
noise_bank_v2/raw/esc50/crackling_fire__3-120644-A-12.wav,crackling_fire,5.0,16000
noise_bank_v2/raw/esc50/crackling_fire__3-145774-A-12.wav,crackling_fire,5.0,16000
noise_bank_v2/raw/esc50/crackling_fire__3-147965-A-12.wav,crackling_fire,5.0,16000
noise_bank_v2/raw/esc50/crackling_fire__3-157187-A-12.wav,crackling_fire,5.0,16000
noise_bank_v2/raw/esc50/crackling_fire__3-158476-A-12.wav,crackling_fire,5.0,16000
noise_bank_v2/raw/esc50/crackling_fire__3-65748-A-12.wav,crackling_fire,5.0,16000
noise_bank_v2/raw/esc50/crackling_fire__4-164661-A-12.wav,crackling_fire,5.0,16000
noise_bank_v2/raw/esc50/crackling_fire__4-164661-B-12.wav,crackling_fire,5.0,16000
noise_bank_v2/raw/esc50/crackling_fire__4-170247-A-12.wav,crackling_fire,5.0,16000
noise_bank_v2/raw/esc50/crackling_fire__4-170247-B-12.wav,crackling_fire,5.0,16000
noise_bank_v2/raw/esc50/crackling_fire__4-171207-A-12.wav,crackling_fire,5.0,16000
noise_bank_v2/raw/esc50/crackling_fire__4-181563-A-12.wav,crackling_fire,5.0,16000
noise_bank_v2/raw/esc50/crackling_fire__4-182368-A-12.wav,crackling_fire,5.0,16000
noise_bank_v2/raw/esc50/crackling_fire__4-182369-A-12.wav,crackling_fire,5.0,16000
noise_bank_v2/raw/esc50/crackling_fire__5-186924-A-12.wav,crackling_fire,5.0,16000
noise_bank_v2/raw/esc50/crackling_fire__5-189212-A-12.wav,crackling_fire,5.0,16000
noise_bank_v2/raw/esc50/crackling_fire__5-189237-A-12.wav,crackling_fire,5.0,16000
noise_bank_v2/raw/esc50/crackling_fire__5-193473-A-12.wav,crackling_fire,5.0,16000
noise_bank_v2/raw/esc50/crackling_fire__5-193473-B-12.wav,crackling_fire,5.0,16000
noise_bank_v2/raw/esc50/crackling_fire__5-213802-A-12.wav,crackling_fire,5.0,16000
noise_bank_v2/raw/esc50/crackling_fire__5-215658-A-12.wav,crackling_fire,5.0,16000
noise_bank_v2/raw/esc50/crackling_fire__5-215658-B-12.wav,crackling_fire,5.0,16000
noise_bank_v2/raw/esc50/crickets__1-57316-A-13.wav,crickets,5.0,16000
noise_bank_v2/raw/esc50/crickets__1-57318-A-13.wav,crickets,5.0,16000
noise_bank_v2/raw/esc50/crickets__1-59102-A-13.wav,crickets,5.0,16000
noise_bank_v2/raw/esc50/crickets__1-65483-A-13.wav,crickets,5.0,16000
noise_bank_v2/raw/esc50/crickets__1-7456-A-13.wav,crickets,5.0,16000
noise_bank_v2/raw/esc50/crickets__1-80840-A-13.wav,crickets,5.0,16000
noise_bank_v2/raw/esc50/crickets__1-80841-A-13.wav,crickets,5.0,16000
noise_bank_v2/raw/esc50/crickets__1-9841-A-13.wav,crickets,5.0,16000
noise_bank_v2/raw/esc50/crickets__2-106019-A-13.wav,crickets,5.0,16000
noise_bank_v2/raw/esc50/crickets__2-110613-A-13.wav,crickets,5.0,16000
noise_bank_v2/raw/esc50/crickets__2-125821-A-13.wav,crickets,5.0,16000
noise_bank_v2/raw/esc50/crickets__2-125875-A-13.wav,crickets,5.0,16000
noise_bank_v2/raw/esc50/crickets__2-80844-A-13.wav,crickets,5.0,16000
noise_bank_v2/raw/esc50/crickets__2-83270-A-13.wav,crickets,5.0,16000
noise_bank_v2/raw/esc50/crickets__2-85139-A-13.wav,crickets,5.0,16000
noise_bank_v2/raw/esc50/crickets__2-96033-A-13.wav,crickets,5.0,16000
noise_bank_v2/raw/esc50/crickets__3-129338-A-13.wav,crickets,5.0,16000
noise_bank_v2/raw/esc50/crickets__3-129678-A-13.wav,crickets,5.0,16000
noise_bank_v2/raw/esc50/crickets__3-134802-A-13.wav,crickets,5.0,16000
noise_bank_v2/raw/esc50/crickets__3-146033-A-13.wav,crickets,5.0,16000
noise_bank_v2/raw/esc50/crickets__3-155766-A-13.wav,crickets,5.0,16000
noise_bank_v2/raw/esc50/crickets__3-162786-A-13.wav,crickets,5.0,16000
noise_bank_v2/raw/esc50/crickets__3-163607-A-13.wav,crickets,5.0,16000
noise_bank_v2/raw/esc50/crickets__3-163607-B-13.wav,crickets,5.0,16000
noise_bank_v2/raw/esc50/crickets__4-163697-A-13.wav,crickets,5.0,16000
noise_bank_v2/raw/esc50/crickets__4-171823-A-13.wav,crickets,5.0,16000
noise_bank_v2/raw/esc50/crickets__4-172143-A-13.wav,crickets,5.0,16000
noise_bank_v2/raw/esc50/crickets__4-181362-A-13.wav,crickets,5.0,16000
noise_bank_v2/raw/esc50/crickets__4-194246-A-13.wav,crickets,5.0,16000
noise_bank_v2/raw/esc50/crickets__4-195707-A-13.wav,crickets,5.0,16000
noise_bank_v2/raw/esc50/crickets__4-195805-A-13.wav,crickets,5.0,16000
noise_bank_v2/raw/esc50/crickets__4-202749-A-13.wav,crickets,5.0,16000
noise_bank_v2/raw/esc50/crickets__5-204352-A-13.wav,crickets,5.0,16000
noise_bank_v2/raw/esc50/crickets__5-204352-B-13.wav,crickets,5.0,16000
noise_bank_v2/raw/esc50/crickets__5-210540-A-13.wav,crickets,5.0,16000
noise_bank_v2/raw/esc50/crickets__5-215172-A-13.wav,crickets,5.0,16000
noise_bank_v2/raw/esc50/crickets__5-215179-A-13.wav,crickets,5.0,16000
noise_bank_v2/raw/esc50/crickets__5-216213-A-13.wav,crickets,5.0,16000
noise_bank_v2/raw/esc50/crickets__5-216214-A-13.wav,crickets,5.0,16000
noise_bank_v2/raw/esc50/crickets__5-216216-A-13.wav,crickets,5.0,16000
noise_bank_v2/raw/esc50/crow__1-103298-A-9.wav,crow,5.0,16000
noise_bank_v2/raw/esc50/crow__1-39835-A-9.wav,crow,5.0,16000
noise_bank_v2/raw/esc50/crow__1-39835-B-9.wav,crow,5.0,16000
noise_bank_v2/raw/esc50/crow__1-56233-A-9.wav,crow,5.0,16000
noise_bank_v2/raw/esc50/crow__1-56234-A-9.wav,crow,5.0,16000
noise_bank_v2/raw/esc50/crow__1-75162-A-9.wav,crow,5.0,16000
noise_bank_v2/raw/esc50/crow__1-96950-A-9.wav,crow,5.0,16000
noise_bank_v2/raw/esc50/crow__1-96950-B-9.wav,crow,5.0,16000
noise_bank_v2/raw/esc50/crow__2-108763-A-9.wav,crow,5.0,16000
noise_bank_v2/raw/esc50/crow__2-108766-A-9.wav,crow,5.0,16000
noise_bank_v2/raw/esc50/crow__2-108767-A-9.wav,crow,5.0,16000
noise_bank_v2/raw/esc50/crow__2-108767-B-9.wav,crow,5.0,16000
noise_bank_v2/raw/esc50/crow__2-108767-C-9.wav,crow,5.0,16000
noise_bank_v2/raw/esc50/crow__2-109231-A-9.wav,crow,5.0,16000
noise_bank_v2/raw/esc50/crow__2-109231-B-9.wav,crow,5.0,16000
noise_bank_v2/raw/esc50/crow__2-109231-C-9.wav,crow,5.0,16000
noise_bank_v2/raw/esc50/crow__3-112397-A-9.wav,crow,5.0,16000
noise_bank_v2/raw/esc50/crow__3-117293-A-9.wav,crow,5.0,16000
noise_bank_v2/raw/esc50/crow__3-121348-A-9.wav,crow,5.0,16000
noise_bank_v2/raw/esc50/crow__3-124925-A-9.wav,crow,5.0,16000
noise_bank_v2/raw/esc50/crow__3-127890-A-9.wav,crow,5.0,16000
noise_bank_v2/raw/esc50/crow__3-127890-B-9.wav,crow,5.0,16000
noise_bank_v2/raw/esc50/crow__3-127890-C-9.wav,crow,5.0,16000
noise_bank_v2/raw/esc50/crow__3-129264-A-9.wav,crow,5.0,16000
noise_bank_v2/raw/esc50/crow__4-136381-A-9.wav,crow,5.0,16000
noise_bank_v2/raw/esc50/crow__4-138344-A-9.wav,crow,5.0,16000
noise_bank_v2/raw/esc50/crow__4-145081-A-9.wav,crow,5.0,16000
noise_bank_v2/raw/esc50/crow__4-156227-A-9.wav,crow,5.0,16000
noise_bank_v2/raw/esc50/crow__4-159426-A-9.wav,crow,5.0,16000
noise_bank_v2/raw/esc50/crow__4-173865-A-9.wav,crow,5.0,16000
noise_bank_v2/raw/esc50/crow__4-173865-B-9.wav,crow,5.0,16000
noise_bank_v2/raw/esc50/crow__4-188287-A-9.wav,crow,5.0,16000
noise_bank_v2/raw/esc50/crow__5-213836-A-9.wav,crow,5.0,16000
noise_bank_v2/raw/esc50/crow__5-213836-B-9.wav,crow,5.0,16000
noise_bank_v2/raw/esc50/crow__5-213836-C-9.wav,crow,5.0,16000
noise_bank_v2/raw/esc50/crow__5-213836-D-9.wav,crow,5.0,16000
noise_bank_v2/raw/esc50/crow__5-214869-A-9.wav,crow,5.0,16000
noise_bank_v2/raw/esc50/crow__5-222041-A-9.wav,crow,5.0,16000
noise_bank_v2/raw/esc50/crow__5-242711-A-9.wav,crow,5.0,16000
noise_bank_v2/raw/esc50/crow__5-261325-A-9.wav,crow,5.0,16000
noise_bank_v2/raw/esc50/crying_baby__1-187207-A-20.wav,crying_baby,5.0,16000
noise_bank_v2/raw/esc50/crying_baby__1-211527-A-20.wav,crying_baby,5.0,16000
noise_bank_v2/raw/esc50/crying_baby__1-211527-B-20.wav,crying_baby,5.0,16000
noise_bank_v2/raw/esc50/crying_baby__1-211527-C-20.wav,crying_baby,5.0,16000
noise_bank_v2/raw/esc50/crying_baby__1-22694-A-20.wav,crying_baby,5.0,16000
noise_bank_v2/raw/esc50/crying_baby__1-22694-B-20.wav,crying_baby,5.0,16000
noise_bank_v2/raw/esc50/crying_baby__1-60997-A-20.wav,crying_baby,5.0,16000
noise_bank_v2/raw/esc50/crying_baby__1-60997-B-20.wav,crying_baby,5.0,16000
noise_bank_v2/raw/esc50/crying_baby__2-107351-A-20.wav,crying_baby,5.0,16000
noise_bank_v2/raw/esc50/crying_baby__2-107351-B-20.wav,crying_baby,5.0,16000
noise_bank_v2/raw/esc50/crying_baby__2-151079-A-20.wav,crying_baby,5.0,16000
noise_bank_v2/raw/esc50/crying_baby__2-50665-A-20.wav,crying_baby,5.0,16000
noise_bank_v2/raw/esc50/crying_baby__2-50666-A-20.wav,crying_baby,5.0,16000
noise_bank_v2/raw/esc50/crying_baby__2-66637-A-20.wav,crying_baby,5.0,16000
noise_bank_v2/raw/esc50/crying_baby__2-66637-B-20.wav,crying_baby,5.0,16000
noise_bank_v2/raw/esc50/crying_baby__2-80482-A-20.wav,crying_baby,5.0,16000
noise_bank_v2/raw/esc50/crying_baby__3-151080-A-20.wav,crying_baby,5.0,16000
noise_bank_v2/raw/esc50/crying_baby__3-151081-A-20.wav,crying_baby,5.0,16000
noise_bank_v2/raw/esc50/crying_baby__3-151081-B-20.wav,crying_baby,5.0,16000
noise_bank_v2/raw/esc50/crying_baby__3-152007-A-20.wav,crying_baby,5.0,16000
noise_bank_v2/raw/esc50/crying_baby__3-152007-B-20.wav,crying_baby,5.0,16000
noise_bank_v2/raw/esc50/crying_baby__3-152007-C-20.wav,crying_baby,5.0,16000
noise_bank_v2/raw/esc50/crying_baby__3-152007-D-20.wav,crying_baby,5.0,16000
noise_bank_v2/raw/esc50/crying_baby__3-152007-E-20.wav,crying_baby,5.0,16000
noise_bank_v2/raw/esc50/crying_baby__4-167077-A-20.wav,crying_baby,5.0,16000
noise_bank_v2/raw/esc50/crying_baby__4-167077-B-20.wav,crying_baby,5.0,16000
noise_bank_v2/raw/esc50/crying_baby__4-167077-C-20.wav,crying_baby,5.0,16000
noise_bank_v2/raw/esc50/crying_baby__4-185575-A-20.wav,crying_baby,5.0,16000
noise_bank_v2/raw/esc50/crying_baby__4-185575-B-20.wav,crying_baby,5.0,16000
noise_bank_v2/raw/esc50/crying_baby__4-185575-C-20.wav,crying_baby,5.0,16000
noise_bank_v2/raw/esc50/crying_baby__4-59579-A-20.wav,crying_baby,5.0,16000
noise_bank_v2/raw/esc50/crying_baby__4-59579-B-20.wav,crying_baby,5.0,16000
noise_bank_v2/raw/esc50/crying_baby__5-151085-A-20.wav,crying_baby,5.0,16000
noise_bank_v2/raw/esc50/crying_baby__5-198411-A-20.wav,crying_baby,5.0,16000
noise_bank_v2/raw/esc50/crying_baby__5-198411-B-20.wav,crying_baby,5.0,16000
noise_bank_v2/raw/esc50/crying_baby__5-198411-C-20.wav,crying_baby,5.0,16000
noise_bank_v2/raw/esc50/crying_baby__5-198411-D-20.wav,crying_baby,5.0,16000
noise_bank_v2/raw/esc50/crying_baby__5-198411-E-20.wav,crying_baby,5.0,16000
noise_bank_v2/raw/esc50/crying_baby__5-198411-F-20.wav,crying_baby,5.0,16000
noise_bank_v2/raw/esc50/crying_baby__5-198411-G-20.wav,crying_baby,5.0,16000
noise_bank_v2/raw/esc50/dog__1-100032-A-0.wav,dog,5.0,16000
noise_bank_v2/raw/esc50/dog__1-110389-A-0.wav,dog,5.0,16000
noise_bank_v2/raw/esc50/dog__1-30226-A-0.wav,dog,5.0,16000
noise_bank_v2/raw/esc50/dog__1-30344-A-0.wav,dog,5.0,16000
noise_bank_v2/raw/esc50/dog__1-32318-A-0.wav,dog,5.0,16000
noise_bank_v2/raw/esc50/dog__1-59513-A-0.wav,dog,5.0,16000
noise_bank_v2/raw/esc50/dog__1-85362-A-0.wav,dog,5.0,16000
noise_bank_v2/raw/esc50/dog__1-97392-A-0.wav,dog,5.0,16000
noise_bank_v2/raw/esc50/dog__2-114280-A-0.wav,dog,5.0,16000
noise_bank_v2/raw/esc50/dog__2-114587-A-0.wav,dog,5.0,16000
noise_bank_v2/raw/esc50/dog__2-116400-A-0.wav,dog,5.0,16000
noise_bank_v2/raw/esc50/dog__2-117271-A-0.wav,dog,5.0,16000
noise_bank_v2/raw/esc50/dog__2-118072-A-0.wav,dog,5.0,16000
noise_bank_v2/raw/esc50/dog__2-118964-A-0.wav,dog,5.0,16000
noise_bank_v2/raw/esc50/dog__2-122104-A-0.wav,dog,5.0,16000
noise_bank_v2/raw/esc50/dog__2-122104-B-0.wav,dog,5.0,16000
noise_bank_v2/raw/esc50/dog__3-136288-A-0.wav,dog,5.0,16000
noise_bank_v2/raw/esc50/dog__3-144028-A-0.wav,dog,5.0,16000
noise_bank_v2/raw/esc50/dog__3-155312-A-0.wav,dog,5.0,16000
noise_bank_v2/raw/esc50/dog__3-157695-A-0.wav,dog,5.0,16000
noise_bank_v2/raw/esc50/dog__3-163459-A-0.wav,dog,5.0,16000
noise_bank_v2/raw/esc50/dog__3-170015-A-0.wav,dog,5.0,16000
noise_bank_v2/raw/esc50/dog__3-180256-A-0.wav,dog,5.0,16000
noise_bank_v2/raw/esc50/dog__3-180977-A-0.wav,dog,5.0,16000
noise_bank_v2/raw/esc50/dog__4-182395-A-0.wav,dog,5.0,16000
noise_bank_v2/raw/esc50/dog__4-183992-A-0.wav,dog,5.0,16000
noise_bank_v2/raw/esc50/dog__4-184575-A-0.wav,dog,5.0,16000
noise_bank_v2/raw/esc50/dog__4-191687-A-0.wav,dog,5.0,16000
noise_bank_v2/raw/esc50/dog__4-192236-A-0.wav,dog,5.0,16000
noise_bank_v2/raw/esc50/dog__4-194754-A-0.wav,dog,5.0,16000
noise_bank_v2/raw/esc50/dog__4-199261-A-0.wav,dog,5.0,16000
noise_bank_v2/raw/esc50/dog__4-207124-A-0.wav,dog,5.0,16000
noise_bank_v2/raw/esc50/dog__5-203128-A-0.wav,dog,5.0,16000
noise_bank_v2/raw/esc50/dog__5-203128-B-0.wav,dog,5.0,16000
noise_bank_v2/raw/esc50/dog__5-208030-A-0.wav,dog,5.0,16000
noise_bank_v2/raw/esc50/dog__5-212454-A-0.wav,dog,5.0,16000
noise_bank_v2/raw/esc50/dog__5-213855-A-0.wav,dog,5.0,16000
noise_bank_v2/raw/esc50/dog__5-217158-A-0.wav,dog,5.0,16000
noise_bank_v2/raw/esc50/dog__5-231762-A-0.wav,dog,5.0,16000
noise_bank_v2/raw/esc50/dog__5-9032-A-0.wav,dog,5.0,16000
noise_bank_v2/raw/esc50/door_wood_creaks__1-51805-A-33.wav,door_wood_creaks,5.0,16000
noise_bank_v2/raw/esc50/door_wood_creaks__1-51805-B-33.wav,door_wood_creaks,5.0,16000
noise_bank_v2/raw/esc50/door_wood_creaks__1-51805-C-33.wav,door_wood_creaks,5.0,16000
noise_bank_v2/raw/esc50/door_wood_creaks__1-51805-D-33.wav,door_wood_creaks,5.0,16000
noise_bank_v2/raw/esc50/door_wood_creaks__1-51805-E-33.wav,door_wood_creaks,5.0,16000
noise_bank_v2/raw/esc50/door_wood_creaks__1-51805-F-33.wav,door_wood_creaks,5.0,16000
noise_bank_v2/raw/esc50/door_wood_creaks__1-51805-G-33.wav,door_wood_creaks,5.0,16000
noise_bank_v2/raw/esc50/door_wood_creaks__1-51805-H-33.wav,door_wood_creaks,5.0,16000
noise_bank_v2/raw/esc50/door_wood_creaks__2-123712-A-33.wav,door_wood_creaks,5.0,16000
noise_bank_v2/raw/esc50/door_wood_creaks__2-70344-A-33.wav,door_wood_creaks,5.0,16000
noise_bank_v2/raw/esc50/door_wood_creaks__2-70366-A-33.wav,door_wood_creaks,5.0,16000
noise_bank_v2/raw/esc50/door_wood_creaks__2-70367-A-33.wav,door_wood_creaks,5.0,16000
noise_bank_v2/raw/esc50/door_wood_creaks__2-7321-A-33.wav,door_wood_creaks,5.0,16000
noise_bank_v2/raw/esc50/door_wood_creaks__2-87780-A-33.wav,door_wood_creaks,5.0,16000
noise_bank_v2/raw/esc50/door_wood_creaks__2-91912-A-33.wav,door_wood_creaks,5.0,16000
noise_bank_v2/raw/esc50/door_wood_creaks__2-91912-B-33.wav,door_wood_creaks,5.0,16000
noise_bank_v2/raw/esc50/door_wood_creaks__3-101381-A-33.wav,door_wood_creaks,5.0,16000
noise_bank_v2/raw/esc50/door_wood_creaks__3-101381-B-33.wav,door_wood_creaks,5.0,16000
noise_bank_v2/raw/esc50/door_wood_creaks__3-103401-A-33.wav,door_wood_creaks,5.0,16000
noise_bank_v2/raw/esc50/door_wood_creaks__3-103401-B-33.wav,door_wood_creaks,5.0,16000
noise_bank_v2/raw/esc50/door_wood_creaks__3-103401-C-33.wav,door_wood_creaks,5.0,16000
noise_bank_v2/raw/esc50/door_wood_creaks__3-103401-D-33.wav,door_wood_creaks,5.0,16000
noise_bank_v2/raw/esc50/door_wood_creaks__3-118194-A-33.wav,door_wood_creaks,5.0,16000
noise_bank_v2/raw/esc50/door_wood_creaks__3-94355-A-33.wav,door_wood_creaks,5.0,16000
noise_bank_v2/raw/esc50/door_wood_creaks__4-107117-A-33.wav,door_wood_creaks,5.0,16000
noise_bank_v2/raw/esc50/door_wood_creaks__4-107120-A-33.wav,door_wood_creaks,5.0,16000
noise_bank_v2/raw/esc50/door_wood_creaks__4-107122-A-33.wav,door_wood_creaks,5.0,16000
noise_bank_v2/raw/esc50/door_wood_creaks__4-108352-A-33.wav,door_wood_creaks,5.0,16000
noise_bank_v2/raw/esc50/door_wood_creaks__4-128659-A-33.wav,door_wood_creaks,5.0,16000
noise_bank_v2/raw/esc50/door_wood_creaks__4-132839-A-33.wav,door_wood_creaks,5.0,16000
noise_bank_v2/raw/esc50/door_wood_creaks__4-160036-A-33.wav,door_wood_creaks,5.0,16000
noise_bank_v2/raw/esc50/door_wood_creaks__4-160036-B-33.wav,door_wood_creaks,5.0,16000
noise_bank_v2/raw/esc50/door_wood_creaks__5-161270-A-33.wav,door_wood_creaks,5.0,16000
noise_bank_v2/raw/esc50/door_wood_creaks__5-161270-B-33.wav,door_wood_creaks,5.0,16000
noise_bank_v2/raw/esc50/door_wood_creaks__5-173568-A-33.wav,door_wood_creaks,5.0,16000
noise_bank_v2/raw/esc50/door_wood_creaks__5-177779-A-33.wav,door_wood_creaks,5.0,16000
noise_bank_v2/raw/esc50/door_wood_creaks__5-181458-A-33.wav,door_wood_creaks,5.0,16000
noise_bank_v2/raw/esc50/door_wood_creaks__5-187444-A-33.wav,door_wood_creaks,5.0,16000
noise_bank_v2/raw/esc50/door_wood_creaks__5-188606-A-33.wav,door_wood_creaks,5.0,16000
noise_bank_v2/raw/esc50/door_wood_creaks__5-191497-A-33.wav,door_wood_creaks,5.0,16000
noise_bank_v2/raw/esc50/door_wood_knock__1-101336-A-30.wav,door_wood_knock,5.0,16000
noise_bank_v2/raw/esc50/door_wood_knock__1-103995-A-30.wav,door_wood_knock,5.0,16000
noise_bank_v2/raw/esc50/door_wood_knock__1-103999-A-30.wav,door_wood_knock,5.0,16000
noise_bank_v2/raw/esc50/door_wood_knock__1-26188-A-30.wav,door_wood_knock,5.0,16000
noise_bank_v2/raw/esc50/door_wood_knock__1-52290-A-30.wav,door_wood_knock,5.0,16000
noise_bank_v2/raw/esc50/door_wood_knock__1-81001-A-30.wav,door_wood_knock,5.0,16000
noise_bank_v2/raw/esc50/door_wood_knock__1-81001-B-30.wav,door_wood_knock,5.0,16000
noise_bank_v2/raw/esc50/door_wood_knock__1-82817-A-30.wav,door_wood_knock,5.0,16000
noise_bank_v2/raw/esc50/door_wood_knock__2-114254-A-30.wav,door_wood_knock,5.0,16000
noise_bank_v2/raw/esc50/door_wood_knock__2-118624-A-30.wav,door_wood_knock,5.0,16000
noise_bank_v2/raw/esc50/door_wood_knock__2-118625-A-30.wav,door_wood_knock,5.0,16000
noise_bank_v2/raw/esc50/door_wood_knock__2-120218-A-30.wav,door_wood_knock,5.0,16000
noise_bank_v2/raw/esc50/door_wood_knock__2-120218-B-30.wav,door_wood_knock,5.0,16000
noise_bank_v2/raw/esc50/door_wood_knock__2-133889-A-30.wav,door_wood_knock,5.0,16000
noise_bank_v2/raw/esc50/door_wood_knock__2-134915-A-30.wav,door_wood_knock,5.0,16000
noise_bank_v2/raw/esc50/door_wood_knock__2-140841-A-30.wav,door_wood_knock,5.0,16000
noise_bank_v2/raw/esc50/door_wood_knock__3-144510-A-30.wav,door_wood_knock,5.0,16000
noise_bank_v2/raw/esc50/door_wood_knock__3-151089-A-30.wav,door_wood_knock,5.0,16000
noise_bank_v2/raw/esc50/door_wood_knock__3-152594-A-30.wav,door_wood_knock,5.0,16000
noise_bank_v2/raw/esc50/door_wood_knock__3-154378-A-30.wav,door_wood_knock,5.0,16000
noise_bank_v2/raw/esc50/door_wood_knock__3-170574-A-30.wav,door_wood_knock,5.0,16000
noise_bank_v2/raw/esc50/door_wood_knock__3-180147-A-30.wav,door_wood_knock,5.0,16000
noise_bank_v2/raw/esc50/door_wood_knock__3-182023-A-30.wav,door_wood_knock,5.0,16000
noise_bank_v2/raw/esc50/door_wood_knock__3-182025-A-30.wav,door_wood_knock,5.0,16000
noise_bank_v2/raw/esc50/door_wood_knock__4-182034-A-30.wav,door_wood_knock,5.0,16000
noise_bank_v2/raw/esc50/door_wood_knock__4-182039-A-30.wav,door_wood_knock,5.0,16000
noise_bank_v2/raw/esc50/door_wood_knock__4-182041-A-30.wav,door_wood_knock,5.0,16000
noise_bank_v2/raw/esc50/door_wood_knock__4-186518-A-30.wav,door_wood_knock,5.0,16000
noise_bank_v2/raw/esc50/door_wood_knock__4-187284-A-30.wav,door_wood_knock,5.0,16000
noise_bank_v2/raw/esc50/door_wood_knock__4-188878-A-30.wav,door_wood_knock,5.0,16000
noise_bank_v2/raw/esc50/door_wood_knock__4-211502-A-30.wav,door_wood_knock,5.0,16000
noise_bank_v2/raw/esc50/door_wood_knock__4-261068-A-30.wav,door_wood_knock,5.0,16000
noise_bank_v2/raw/esc50/door_wood_knock__5-218980-A-30.wav,door_wood_knock,5.0,16000
noise_bank_v2/raw/esc50/door_wood_knock__5-218981-A-30.wav,door_wood_knock,5.0,16000
noise_bank_v2/raw/esc50/door_wood_knock__5-235644-A-30.wav,door_wood_knock,5.0,16000
noise_bank_v2/raw/esc50/door_wood_knock__5-250026-A-30.wav,door_wood_knock,5.0,16000
noise_bank_v2/raw/esc50/door_wood_knock__5-250026-B-30.wav,door_wood_knock,5.0,16000
noise_bank_v2/raw/esc50/door_wood_knock__5-251426-A-30.wav,door_wood_knock,5.0,16000
noise_bank_v2/raw/esc50/door_wood_knock__5-251426-B-30.wav,door_wood_knock,5.0,16000
noise_bank_v2/raw/esc50/door_wood_knock__5-256512-A-30.wav,door_wood_knock,5.0,16000
noise_bank_v2/raw/esc50/drinking_sipping__1-17295-A-29.wav,drinking_sipping,5.0,16000
noise_bank_v2/raw/esc50/drinking_sipping__1-32579-A-29.wav,drinking_sipping,5.0,16000
noise_bank_v2/raw/esc50/drinking_sipping__1-37226-A-29.wav,drinking_sipping,5.0,16000
noise_bank_v2/raw/esc50/drinking_sipping__1-56270-A-29.wav,drinking_sipping,5.0,16000
noise_bank_v2/raw/esc50/drinking_sipping__1-67230-A-29.wav,drinking_sipping,5.0,16000
noise_bank_v2/raw/esc50/drinking_sipping__1-79146-A-29.wav,drinking_sipping,5.0,16000
noise_bank_v2/raw/esc50/drinking_sipping__1-85909-A-29.wav,drinking_sipping,5.0,16000
noise_bank_v2/raw/esc50/drinking_sipping__1-87565-A-29.wav,drinking_sipping,5.0,16000
noise_bank_v2/raw/esc50/drinking_sipping__2-102581-A-29.wav,drinking_sipping,5.0,16000
noise_bank_v2/raw/esc50/drinking_sipping__2-102581-B-29.wav,drinking_sipping,5.0,16000
noise_bank_v2/raw/esc50/drinking_sipping__2-121978-A-29.wav,drinking_sipping,5.0,16000
noise_bank_v2/raw/esc50/drinking_sipping__2-122763-A-29.wav,drinking_sipping,5.0,16000
noise_bank_v2/raw/esc50/drinking_sipping__2-122763-B-29.wav,drinking_sipping,5.0,16000
noise_bank_v2/raw/esc50/drinking_sipping__2-126756-A-29.wav,drinking_sipping,5.0,16000
noise_bank_v2/raw/esc50/drinking_sipping__2-92978-A-29.wav,drinking_sipping,5.0,16000
noise_bank_v2/raw/esc50/drinking_sipping__2-94807-A-29.wav,drinking_sipping,5.0,16000
noise_bank_v2/raw/esc50/drinking_sipping__3-133977-A-29.wav,drinking_sipping,5.0,16000
noise_bank_v2/raw/esc50/drinking_sipping__3-140323-A-29.wav,drinking_sipping,5.0,16000
noise_bank_v2/raw/esc50/drinking_sipping__3-144253-A-29.wav,drinking_sipping,5.0,16000
noise_bank_v2/raw/esc50/drinking_sipping__3-144259-A-29.wav,drinking_sipping,5.0,16000
noise_bank_v2/raw/esc50/drinking_sipping__3-145387-A-29.wav,drinking_sipping,5.0,16000
noise_bank_v2/raw/esc50/drinking_sipping__3-169907-A-29.wav,drinking_sipping,5.0,16000
noise_bank_v2/raw/esc50/drinking_sipping__3-174866-A-29.wav,drinking_sipping,5.0,16000
noise_bank_v2/raw/esc50/drinking_sipping__3-185456-A-29.wav,drinking_sipping,5.0,16000
noise_bank_v2/raw/esc50/drinking_sipping__4-188191-A-29.wav,drinking_sipping,5.0,16000
noise_bank_v2/raw/esc50/drinking_sipping__4-188191-B-29.wav,drinking_sipping,5.0,16000
noise_bank_v2/raw/esc50/drinking_sipping__4-188191-C-29.wav,drinking_sipping,5.0,16000
noise_bank_v2/raw/esc50/drinking_sipping__4-188595-A-29.wav,drinking_sipping,5.0,16000
noise_bank_v2/raw/esc50/drinking_sipping__4-194808-A-29.wav,drinking_sipping,5.0,16000
noise_bank_v2/raw/esc50/drinking_sipping__4-204202-A-29.wav,drinking_sipping,5.0,16000
noise_bank_v2/raw/esc50/drinking_sipping__4-210593-A-29.wav,drinking_sipping,5.0,16000
noise_bank_v2/raw/esc50/drinking_sipping__4-213193-A-29.wav,drinking_sipping,5.0,16000
noise_bank_v2/raw/esc50/drinking_sipping__5-204114-A-29.wav,drinking_sipping,5.0,16000
noise_bank_v2/raw/esc50/drinking_sipping__5-207836-A-29.wav,drinking_sipping,5.0,16000
noise_bank_v2/raw/esc50/drinking_sipping__5-207836-B-29.wav,drinking_sipping,5.0,16000
noise_bank_v2/raw/esc50/drinking_sipping__5-207836-C-29.wav,drinking_sipping,5.0,16000
noise_bank_v2/raw/esc50/drinking_sipping__5-207836-D-29.wav,drinking_sipping,5.0,16000
noise_bank_v2/raw/esc50/drinking_sipping__5-243036-A-29.wav,drinking_sipping,5.0,16000
noise_bank_v2/raw/esc50/drinking_sipping__5-243635-A-29.wav,drinking_sipping,5.0,16000
noise_bank_v2/raw/esc50/drinking_sipping__5-259640-A-29.wav,drinking_sipping,5.0,16000
noise_bank_v2/raw/esc50/engine__1-18527-A-44.wav,engine,5.0,16000
noise_bank_v2/raw/esc50/engine__1-18527-B-44.wav,engine,5.0,16000
noise_bank_v2/raw/esc50/engine__1-22882-A-44.wav,engine,5.0,16000
noise_bank_v2/raw/esc50/engine__1-50454-A-44.wav,engine,5.0,16000
noise_bank_v2/raw/esc50/engine__1-50455-A-44.wav,engine,5.0,16000
noise_bank_v2/raw/esc50/engine__1-50661-A-44.wav,engine,5.0,16000
noise_bank_v2/raw/esc50/engine__1-61261-A-44.wav,engine,5.0,16000
noise_bank_v2/raw/esc50/engine__1-62565-A-44.wav,engine,5.0,16000
noise_bank_v2/raw/esc50/engine__2-106014-A-44.wav,engine,5.0,16000
noise_bank_v2/raw/esc50/engine__2-106015-A-44.wav,engine,5.0,16000
noise_bank_v2/raw/esc50/engine__2-106015-B-44.wav,engine,5.0,16000
noise_bank_v2/raw/esc50/engine__2-106486-A-44.wav,engine,5.0,16000
noise_bank_v2/raw/esc50/engine__2-106487-A-44.wav,engine,5.0,16000
noise_bank_v2/raw/esc50/engine__2-107228-A-44.wav,engine,5.0,16000
noise_bank_v2/raw/esc50/engine__2-107228-B-44.wav,engine,5.0,16000
noise_bank_v2/raw/esc50/engine__2-78651-A-44.wav,engine,5.0,16000
noise_bank_v2/raw/esc50/engine__3-115382-A-44.wav,engine,5.0,16000
noise_bank_v2/raw/esc50/engine__3-119455-A-44.wav,engine,5.0,16000
noise_bank_v2/raw/esc50/engine__3-128160-A-44.wav,engine,5.0,16000
noise_bank_v2/raw/esc50/engine__3-141240-A-44.wav,engine,5.0,16000
noise_bank_v2/raw/esc50/engine__3-141240-B-44.wav,engine,5.0,16000
noise_bank_v2/raw/esc50/engine__3-146186-A-44.wav,engine,5.0,16000
noise_bank_v2/raw/esc50/engine__3-154758-A-44.wav,engine,5.0,16000
noise_bank_v2/raw/esc50/engine__3-259622-A-44.wav,engine,5.0,16000
noise_bank_v2/raw/esc50/engine__4-171652-A-44.wav,engine,5.0,16000
noise_bank_v2/raw/esc50/engine__4-186935-A-44.wav,engine,5.0,16000
noise_bank_v2/raw/esc50/engine__4-186936-A-44.wav,engine,5.0,16000
noise_bank_v2/raw/esc50/engine__4-186938-A-44.wav,engine,5.0,16000
noise_bank_v2/raw/esc50/engine__4-186940-A-44.wav,engine,5.0,16000
noise_bank_v2/raw/esc50/engine__4-186962-A-44.wav,engine,5.0,16000
noise_bank_v2/raw/esc50/engine__4-195451-A-44.wav,engine,5.0,16000
noise_bank_v2/raw/esc50/engine__4-201988-A-44.wav,engine,5.0,16000
noise_bank_v2/raw/esc50/engine__5-209992-A-44.wav,engine,5.0,16000
noise_bank_v2/raw/esc50/engine__5-209992-B-44.wav,engine,5.0,16000
noise_bank_v2/raw/esc50/engine__5-232272-A-44.wav,engine,5.0,16000
noise_bank_v2/raw/esc50/engine__5-235507-A-44.wav,engine,5.0,16000
noise_bank_v2/raw/esc50/engine__5-240671-A-44.wav,engine,5.0,16000
noise_bank_v2/raw/esc50/engine__5-243773-A-44.wav,engine,5.0,16000
noise_bank_v2/raw/esc50/engine__5-243773-B-44.wav,engine,5.0,16000
noise_bank_v2/raw/esc50/engine__5-243783-A-44.wav,engine,5.0,16000
noise_bank_v2/raw/esc50/fireworks__1-115545-A-48.wav,fireworks,5.0,16000
noise_bank_v2/raw/esc50/fireworks__1-115545-B-48.wav,fireworks,5.0,16000
noise_bank_v2/raw/esc50/fireworks__1-115545-C-48.wav,fireworks,5.0,16000
noise_bank_v2/raw/esc50/fireworks__1-115546-A-48.wav,fireworks,5.0,16000
noise_bank_v2/raw/esc50/fireworks__1-160563-A-48.wav,fireworks,5.0,16000
noise_bank_v2/raw/esc50/fireworks__1-160563-B-48.wav,fireworks,5.0,16000
noise_bank_v2/raw/esc50/fireworks__1-25777-A-48.wav,fireworks,5.0,16000
noise_bank_v2/raw/esc50/fireworks__1-25781-A-48.wav,fireworks,5.0,16000
noise_bank_v2/raw/esc50/fireworks__2-117615-A-48.wav,fireworks,5.0,16000
noise_bank_v2/raw/esc50/fireworks__2-117615-B-48.wav,fireworks,5.0,16000
noise_bank_v2/raw/esc50/fireworks__2-117615-C-48.wav,fireworks,5.0,16000
noise_bank_v2/raw/esc50/fireworks__2-117615-D-48.wav,fireworks,5.0,16000
noise_bank_v2/raw/esc50/fireworks__2-117615-E-48.wav,fireworks,5.0,16000
noise_bank_v2/raw/esc50/fireworks__2-117616-A-48.wav,fireworks,5.0,16000
noise_bank_v2/raw/esc50/fireworks__2-117617-A-48.wav,fireworks,5.0,16000
noise_bank_v2/raw/esc50/fireworks__2-165801-A-48.wav,fireworks,5.0,16000
noise_bank_v2/raw/esc50/fireworks__3-119120-A-48.wav,fireworks,5.0,16000
noise_bank_v2/raw/esc50/fireworks__3-119120-B-48.wav,fireworks,5.0,16000
noise_bank_v2/raw/esc50/fireworks__3-119120-C-48.wav,fireworks,5.0,16000
noise_bank_v2/raw/esc50/fireworks__3-119120-D-48.wav,fireworks,5.0,16000
noise_bank_v2/raw/esc50/fireworks__3-119120-E-48.wav,fireworks,5.0,16000
noise_bank_v2/raw/esc50/fireworks__3-172881-A-48.wav,fireworks,5.0,16000
noise_bank_v2/raw/esc50/fireworks__3-172922-A-48.wav,fireworks,5.0,16000
noise_bank_v2/raw/esc50/fireworks__3-251617-A-48.wav,fireworks,5.0,16000
noise_bank_v2/raw/esc50/fireworks__4-119647-A-48.wav,fireworks,5.0,16000
noise_bank_v2/raw/esc50/fireworks__4-119647-B-48.wav,fireworks,5.0,16000
noise_bank_v2/raw/esc50/fireworks__4-119647-C-48.wav,fireworks,5.0,16000
noise_bank_v2/raw/esc50/fireworks__4-119647-D-48.wav,fireworks,5.0,16000
noise_bank_v2/raw/esc50/fireworks__4-119648-A-48.wav,fireworks,5.0,16000
noise_bank_v2/raw/esc50/fireworks__4-119648-B-48.wav,fireworks,5.0,16000
noise_bank_v2/raw/esc50/fireworks__4-119648-C-48.wav,fireworks,5.0,16000
noise_bank_v2/raw/esc50/fireworks__4-119648-D-48.wav,fireworks,5.0,16000
noise_bank_v2/raw/esc50/fireworks__5-160614-A-48.wav,fireworks,5.0,16000
noise_bank_v2/raw/esc50/fireworks__5-160614-B-48.wav,fireworks,5.0,16000
noise_bank_v2/raw/esc50/fireworks__5-160614-C-48.wav,fireworks,5.0,16000
noise_bank_v2/raw/esc50/fireworks__5-160614-D-48.wav,fireworks,5.0,16000
noise_bank_v2/raw/esc50/fireworks__5-160614-E-48.wav,fireworks,5.0,16000
noise_bank_v2/raw/esc50/fireworks__5-160614-F-48.wav,fireworks,5.0,16000
noise_bank_v2/raw/esc50/fireworks__5-160614-G-48.wav,fireworks,5.0,16000
noise_bank_v2/raw/esc50/fireworks__5-160614-H-48.wav,fireworks,5.0,16000
noise_bank_v2/raw/esc50/footsteps__1-155858-A-25.wav,footsteps,5.0,16000
noise_bank_v2/raw/esc50/footsteps__1-155858-B-25.wav,footsteps,5.0,16000
noise_bank_v2/raw/esc50/footsteps__1-155858-C-25.wav,footsteps,5.0,16000
noise_bank_v2/raw/esc50/footsteps__1-155858-D-25.wav,footsteps,5.0,16000
noise_bank_v2/raw/esc50/footsteps__1-155858-E-25.wav,footsteps,5.0,16000
noise_bank_v2/raw/esc50/footsteps__1-155858-F-25.wav,footsteps,5.0,16000
noise_bank_v2/raw/esc50/footsteps__1-223162-A-25.wav,footsteps,5.0,16000
noise_bank_v2/raw/esc50/footsteps__1-51147-A-25.wav,footsteps,5.0,16000
noise_bank_v2/raw/esc50/footsteps__2-209471-A-25.wav,footsteps,5.0,16000
noise_bank_v2/raw/esc50/footsteps__2-209472-A-25.wav,footsteps,5.0,16000
noise_bank_v2/raw/esc50/footsteps__2-209473-A-25.wav,footsteps,5.0,16000
noise_bank_v2/raw/esc50/footsteps__2-209474-A-25.wav,footsteps,5.0,16000
noise_bank_v2/raw/esc50/footsteps__2-209475-A-25.wav,footsteps,5.0,16000
noise_bank_v2/raw/esc50/footsteps__2-209476-A-25.wav,footsteps,5.0,16000
noise_bank_v2/raw/esc50/footsteps__2-209477-A-25.wav,footsteps,5.0,16000
noise_bank_v2/raw/esc50/footsteps__2-209478-A-25.wav,footsteps,5.0,16000
noise_bank_v2/raw/esc50/footsteps__3-103597-A-25.wav,footsteps,5.0,16000
noise_bank_v2/raw/esc50/footsteps__3-103598-A-25.wav,footsteps,5.0,16000
noise_bank_v2/raw/esc50/footsteps__3-103599-A-25.wav,footsteps,5.0,16000
noise_bank_v2/raw/esc50/footsteps__3-103599-B-25.wav,footsteps,5.0,16000
noise_bank_v2/raw/esc50/footsteps__3-249913-A-25.wav,footsteps,5.0,16000
noise_bank_v2/raw/esc50/footsteps__3-94342-A-25.wav,footsteps,5.0,16000
noise_bank_v2/raw/esc50/footsteps__3-94343-A-25.wav,footsteps,5.0,16000
noise_bank_v2/raw/esc50/footsteps__3-94344-A-25.wav,footsteps,5.0,16000
noise_bank_v2/raw/esc50/footsteps__4-117627-A-25.wav,footsteps,5.0,16000
noise_bank_v2/raw/esc50/footsteps__4-117630-A-25.wav,footsteps,5.0,16000
noise_bank_v2/raw/esc50/footsteps__4-194979-A-25.wav,footsteps,5.0,16000
noise_bank_v2/raw/esc50/footsteps__4-194981-A-25.wav,footsteps,5.0,16000
noise_bank_v2/raw/esc50/footsteps__4-198962-A-25.wav,footsteps,5.0,16000
noise_bank_v2/raw/esc50/footsteps__4-198962-B-25.wav,footsteps,5.0,16000
noise_bank_v2/raw/esc50/footsteps__4-218304-A-25.wav,footsteps,5.0,16000
noise_bank_v2/raw/esc50/footsteps__4-218304-B-25.wav,footsteps,5.0,16000
noise_bank_v2/raw/esc50/footsteps__5-234263-A-25.wav,footsteps,5.0,16000
noise_bank_v2/raw/esc50/footsteps__5-234855-A-25.wav,footsteps,5.0,16000
noise_bank_v2/raw/esc50/footsteps__5-243025-A-25.wav,footsteps,5.0,16000
noise_bank_v2/raw/esc50/footsteps__5-244310-A-25.wav,footsteps,5.0,16000
noise_bank_v2/raw/esc50/footsteps__5-263490-A-25.wav,footsteps,5.0,16000
noise_bank_v2/raw/esc50/footsteps__5-263491-A-25.wav,footsteps,5.0,16000
noise_bank_v2/raw/esc50/footsteps__5-263501-A-25.wav,footsteps,5.0,16000
noise_bank_v2/raw/esc50/footsteps__5-51149-A-25.wav,footsteps,5.0,16000
noise_bank_v2/raw/esc50/frog__1-15689-A-4.wav,frog,5.0,16000
noise_bank_v2/raw/esc50/frog__1-15689-B-4.wav,frog,5.0,16000
noise_bank_v2/raw/esc50/frog__1-17970-A-4.wav,frog,5.0,16000
noise_bank_v2/raw/esc50/frog__1-18755-A-4.wav,frog,5.0,16000
noise_bank_v2/raw/esc50/frog__1-18755-B-4.wav,frog,5.0,16000
noise_bank_v2/raw/esc50/frog__1-18757-A-4.wav,frog,5.0,16000
noise_bank_v2/raw/esc50/frog__1-31836-A-4.wav,frog,5.0,16000
noise_bank_v2/raw/esc50/frog__1-31836-B-4.wav,frog,5.0,16000
noise_bank_v2/raw/esc50/frog__2-32515-A-4.wav,frog,5.0,16000
noise_bank_v2/raw/esc50/frog__2-32515-B-4.wav,frog,5.0,16000
noise_bank_v2/raw/esc50/frog__2-32515-C-4.wav,frog,5.0,16000
noise_bank_v2/raw/esc50/frog__2-32515-D-4.wav,frog,5.0,16000
noise_bank_v2/raw/esc50/frog__2-32834-A-4.wav,frog,5.0,16000
noise_bank_v2/raw/esc50/frog__2-52085-A-4.wav,frog,5.0,16000
noise_bank_v2/raw/esc50/frog__2-52085-B-4.wav,frog,5.0,16000
noise_bank_v2/raw/esc50/frog__2-52789-A-4.wav,frog,5.0,16000
noise_bank_v2/raw/esc50/frog__3-102908-A-4.wav,frog,5.0,16000
noise_bank_v2/raw/esc50/frog__3-70962-A-4.wav,frog,5.0,16000
noise_bank_v2/raw/esc50/frog__3-70962-B-4.wav,frog,5.0,16000
noise_bank_v2/raw/esc50/frog__3-70962-C-4.wav,frog,5.0,16000
noise_bank_v2/raw/esc50/frog__3-71964-A-4.wav,frog,5.0,16000
noise_bank_v2/raw/esc50/frog__3-71964-B-4.wav,frog,5.0,16000
noise_bank_v2/raw/esc50/frog__3-71964-C-4.wav,frog,5.0,16000
noise_bank_v2/raw/esc50/frog__3-83527-A-4.wav,frog,5.0,16000
noise_bank_v2/raw/esc50/frog__4-130584-A-4.wav,frog,5.0,16000
noise_bank_v2/raw/esc50/frog__4-154793-A-4.wav,frog,5.0,16000
noise_bank_v2/raw/esc50/frog__4-99193-A-4.wav,frog,5.0,16000
noise_bank_v2/raw/esc50/frog__4-99193-B-4.wav,frog,5.0,16000
noise_bank_v2/raw/esc50/frog__4-99644-A-4.wav,frog,5.0,16000
noise_bank_v2/raw/esc50/frog__4-99644-B-4.wav,frog,5.0,16000
noise_bank_v2/raw/esc50/frog__4-99644-C-4.wav,frog,5.0,16000
noise_bank_v2/raw/esc50/frog__4-99644-D-4.wav,frog,5.0,16000
noise_bank_v2/raw/esc50/frog__5-156026-A-4.wav,frog,5.0,16000
noise_bank_v2/raw/esc50/frog__5-156026-B-4.wav,frog,5.0,16000
noise_bank_v2/raw/esc50/frog__5-156026-C-4.wav,frog,5.0,16000
noise_bank_v2/raw/esc50/frog__5-156026-D-4.wav,frog,5.0,16000
noise_bank_v2/raw/esc50/frog__5-187201-A-4.wav,frog,5.0,16000
noise_bank_v2/raw/esc50/frog__5-187201-B-4.wav,frog,5.0,16000
noise_bank_v2/raw/esc50/frog__5-189795-A-4.wav,frog,5.0,16000
noise_bank_v2/raw/esc50/frog__5-237499-A-4.wav,frog,5.0,16000
noise_bank_v2/raw/esc50/glass_breaking__1-20133-A-39.wav,glass_breaking,5.0,16000
noise_bank_v2/raw/esc50/glass_breaking__1-84536-A-39.wav,glass_breaking,5.0,16000
noise_bank_v2/raw/esc50/glass_breaking__1-84704-A-39.wav,glass_breaking,5.0,16000
noise_bank_v2/raw/esc50/glass_breaking__1-84705-A-39.wav,glass_breaking,5.0,16000
noise_bank_v2/raw/esc50/glass_breaking__1-85168-A-39.wav,glass_breaking,5.0,16000
noise_bank_v2/raw/esc50/glass_breaking__1-85184-A-39.wav,glass_breaking,5.0,16000
noise_bank_v2/raw/esc50/glass_breaking__1-88807-A-39.wav,glass_breaking,5.0,16000
noise_bank_v2/raw/esc50/glass_breaking__1-977-A-39.wav,glass_breaking,5.0,16000
noise_bank_v2/raw/esc50/glass_breaking__2-106881-A-39.wav,glass_breaking,5.0,16000
noise_bank_v2/raw/esc50/glass_breaking__2-112213-A-39.wav,glass_breaking,5.0,16000
noise_bank_v2/raw/esc50/glass_breaking__2-112213-B-39.wav,glass_breaking,5.0,16000
noise_bank_v2/raw/esc50/glass_breaking__2-141563-A-39.wav,glass_breaking,5.0,16000
noise_bank_v2/raw/esc50/glass_breaking__2-173559-A-39.wav,glass_breaking,5.0,16000
noise_bank_v2/raw/esc50/glass_breaking__2-173607-A-39.wav,glass_breaking,5.0,16000
noise_bank_v2/raw/esc50/glass_breaking__2-173618-A-39.wav,glass_breaking,5.0,16000
noise_bank_v2/raw/esc50/glass_breaking__2-250710-A-39.wav,glass_breaking,5.0,16000
noise_bank_v2/raw/esc50/glass_breaking__3-203371-A-39.wav,glass_breaking,5.0,16000
noise_bank_v2/raw/esc50/glass_breaking__3-203373-A-39.wav,glass_breaking,5.0,16000
noise_bank_v2/raw/esc50/glass_breaking__3-203374-A-39.wav,glass_breaking,5.0,16000
noise_bank_v2/raw/esc50/glass_breaking__3-203375-A-39.wav,glass_breaking,5.0,16000
noise_bank_v2/raw/esc50/glass_breaking__3-203377-A-39.wav,glass_breaking,5.0,16000
noise_bank_v2/raw/esc50/glass_breaking__3-216280-A-39.wav,glass_breaking,5.0,16000
noise_bank_v2/raw/esc50/glass_breaking__3-216281-A-39.wav,glass_breaking,5.0,16000
noise_bank_v2/raw/esc50/glass_breaking__3-216284-A-39.wav,glass_breaking,5.0,16000
noise_bank_v2/raw/esc50/glass_breaking__4-204115-A-39.wav,glass_breaking,5.0,16000
noise_bank_v2/raw/esc50/glass_breaking__4-204119-A-39.wav,glass_breaking,5.0,16000
noise_bank_v2/raw/esc50/glass_breaking__4-204121-A-39.wav,glass_breaking,5.0,16000
noise_bank_v2/raw/esc50/glass_breaking__4-204123-A-39.wav,glass_breaking,5.0,16000
noise_bank_v2/raw/esc50/glass_breaking__4-204777-A-39.wav,glass_breaking,5.0,16000
noise_bank_v2/raw/esc50/glass_breaking__4-204777-B-39.wav,glass_breaking,5.0,16000
noise_bank_v2/raw/esc50/glass_breaking__4-204777-C-39.wav,glass_breaking,5.0,16000
noise_bank_v2/raw/esc50/glass_breaking__4-212698-A-39.wav,glass_breaking,5.0,16000
noise_bank_v2/raw/esc50/glass_breaking__5-221528-A-39.wav,glass_breaking,5.0,16000
noise_bank_v2/raw/esc50/glass_breaking__5-221529-A-39.wav,glass_breaking,5.0,16000
noise_bank_v2/raw/esc50/glass_breaking__5-233605-A-39.wav,glass_breaking,5.0,16000
noise_bank_v2/raw/esc50/glass_breaking__5-233607-A-39.wav,glass_breaking,5.0,16000
noise_bank_v2/raw/esc50/glass_breaking__5-257642-A-39.wav,glass_breaking,5.0,16000
noise_bank_v2/raw/esc50/glass_breaking__5-260432-A-39.wav,glass_breaking,5.0,16000
noise_bank_v2/raw/esc50/glass_breaking__5-260433-A-39.wav,glass_breaking,5.0,16000
noise_bank_v2/raw/esc50/glass_breaking__5-260434-A-39.wav,glass_breaking,5.0,16000
noise_bank_v2/raw/esc50/hand_saw__1-18810-A-49.wav,hand_saw,5.0,16000
noise_bank_v2/raw/esc50/hand_saw__1-23706-A-49.wav,hand_saw,5.0,16000
noise_bank_v2/raw/esc50/hand_saw__1-46353-A-49.wav,hand_saw,5.0,16000
noise_bank_v2/raw/esc50/hand_saw__1-7974-A-49.wav,hand_saw,5.0,16000
noise_bank_v2/raw/esc50/hand_saw__1-7974-B-49.wav,hand_saw,5.0,16000
noise_bank_v2/raw/esc50/hand_saw__1-9886-A-49.wav,hand_saw,5.0,16000
noise_bank_v2/raw/esc50/hand_saw__1-9887-A-49.wav,hand_saw,5.0,16000
noise_bank_v2/raw/esc50/hand_saw__1-9887-B-49.wav,hand_saw,5.0,16000
noise_bank_v2/raw/esc50/hand_saw__2-135860-A-49.wav,hand_saw,5.0,16000
noise_bank_v2/raw/esc50/hand_saw__2-184077-A-49.wav,hand_saw,5.0,16000
noise_bank_v2/raw/esc50/hand_saw__2-51630-A-49.wav,hand_saw,5.0,16000
noise_bank_v2/raw/esc50/hand_saw__2-51630-B-49.wav,hand_saw,5.0,16000
noise_bank_v2/raw/esc50/hand_saw__2-59321-A-49.wav,hand_saw,5.0,16000
noise_bank_v2/raw/esc50/hand_saw__2-60180-A-49.wav,hand_saw,5.0,16000
noise_bank_v2/raw/esc50/hand_saw__2-60180-B-49.wav,hand_saw,5.0,16000
noise_bank_v2/raw/esc50/hand_saw__2-84693-A-49.wav,hand_saw,5.0,16000
noise_bank_v2/raw/esc50/hand_saw__3-102583-A-49.wav,hand_saw,5.0,16000
noise_bank_v2/raw/esc50/hand_saw__3-102583-B-49.wav,hand_saw,5.0,16000
noise_bank_v2/raw/esc50/hand_saw__3-102583-C-49.wav,hand_saw,5.0,16000
noise_bank_v2/raw/esc50/hand_saw__3-208820-A-49.wav,hand_saw,5.0,16000
noise_bank_v2/raw/esc50/hand_saw__3-96606-A-49.wav,hand_saw,5.0,16000
noise_bank_v2/raw/esc50/hand_saw__3-96606-B-49.wav,hand_saw,5.0,16000
noise_bank_v2/raw/esc50/hand_saw__3-97909-A-49.wav,hand_saw,5.0,16000
noise_bank_v2/raw/esc50/hand_saw__3-97909-B-49.wav,hand_saw,5.0,16000
noise_bank_v2/raw/esc50/hand_saw__4-102844-A-49.wav,hand_saw,5.0,16000
noise_bank_v2/raw/esc50/hand_saw__4-102844-B-49.wav,hand_saw,5.0,16000
noise_bank_v2/raw/esc50/hand_saw__4-102844-C-49.wav,hand_saw,5.0,16000
noise_bank_v2/raw/esc50/hand_saw__4-198360-A-49.wav,hand_saw,5.0,16000
noise_bank_v2/raw/esc50/hand_saw__4-198360-B-49.wav,hand_saw,5.0,16000
noise_bank_v2/raw/esc50/hand_saw__4-198360-C-49.wav,hand_saw,5.0,16000
noise_bank_v2/raw/esc50/hand_saw__4-251645-A-49.wav,hand_saw,5.0,16000
noise_bank_v2/raw/esc50/hand_saw__4-251645-B-49.wav,hand_saw,5.0,16000
noise_bank_v2/raw/esc50/hand_saw__5-250258-A-49.wav,hand_saw,5.0,16000
noise_bank_v2/raw/esc50/hand_saw__5-253094-A-49.wav,hand_saw,5.0,16000
noise_bank_v2/raw/esc50/hand_saw__5-253094-B-49.wav,hand_saw,5.0,16000
noise_bank_v2/raw/esc50/hand_saw__5-253094-C-49.wav,hand_saw,5.0,16000
noise_bank_v2/raw/esc50/hand_saw__5-253094-D-49.wav,hand_saw,5.0,16000
noise_bank_v2/raw/esc50/hand_saw__5-253101-A-49.wav,hand_saw,5.0,16000
noise_bank_v2/raw/esc50/hand_saw__5-253101-B-49.wav,hand_saw,5.0,16000
noise_bank_v2/raw/esc50/hand_saw__5-253101-C-49.wav,hand_saw,5.0,16000
noise_bank_v2/raw/esc50/helicopter__1-172649-A-40.wav,helicopter,5.0,16000
noise_bank_v2/raw/esc50/helicopter__1-172649-B-40.wav,helicopter,5.0,16000
noise_bank_v2/raw/esc50/helicopter__1-172649-C-40.wav,helicopter,5.0,16000
noise_bank_v2/raw/esc50/helicopter__1-172649-D-40.wav,helicopter,5.0,16000
noise_bank_v2/raw/esc50/helicopter__1-172649-E-40.wav,helicopter,5.0,16000
noise_bank_v2/raw/esc50/helicopter__1-172649-F-40.wav,helicopter,5.0,16000
noise_bank_v2/raw/esc50/helicopter__1-181071-A-40.wav,helicopter,5.0,16000
noise_bank_v2/raw/esc50/helicopter__1-181071-B-40.wav,helicopter,5.0,16000
noise_bank_v2/raw/esc50/helicopter__2-188822-A-40.wav,helicopter,5.0,16000
noise_bank_v2/raw/esc50/helicopter__2-188822-B-40.wav,helicopter,5.0,16000
noise_bank_v2/raw/esc50/helicopter__2-188822-C-40.wav,helicopter,5.0,16000
noise_bank_v2/raw/esc50/helicopter__2-188822-D-40.wav,helicopter,5.0,16000
noise_bank_v2/raw/esc50/helicopter__2-37806-A-40.wav,helicopter,5.0,16000
noise_bank_v2/raw/esc50/helicopter__2-37806-B-40.wav,helicopter,5.0,16000
noise_bank_v2/raw/esc50/helicopter__2-37806-C-40.wav,helicopter,5.0,16000
noise_bank_v2/raw/esc50/helicopter__2-37806-D-40.wav,helicopter,5.0,16000
noise_bank_v2/raw/esc50/helicopter__3-150979-A-40.wav,helicopter,5.0,16000
noise_bank_v2/raw/esc50/helicopter__3-150979-B-40.wav,helicopter,5.0,16000
noise_bank_v2/raw/esc50/helicopter__3-150979-C-40.wav,helicopter,5.0,16000
noise_bank_v2/raw/esc50/helicopter__3-154926-A-40.wav,helicopter,5.0,16000
noise_bank_v2/raw/esc50/helicopter__3-154926-B-40.wav,helicopter,5.0,16000
noise_bank_v2/raw/esc50/helicopter__3-68630-A-40.wav,helicopter,5.0,16000
noise_bank_v2/raw/esc50/helicopter__3-68630-B-40.wav,helicopter,5.0,16000
noise_bank_v2/raw/esc50/helicopter__3-68630-C-40.wav,helicopter,5.0,16000
noise_bank_v2/raw/esc50/helicopter__4-125929-A-40.wav,helicopter,5.0,16000
noise_bank_v2/raw/esc50/helicopter__4-161579-A-40.wav,helicopter,5.0,16000
noise_bank_v2/raw/esc50/helicopter__4-161579-B-40.wav,helicopter,5.0,16000
noise_bank_v2/raw/esc50/helicopter__4-175000-A-40.wav,helicopter,5.0,16000
noise_bank_v2/raw/esc50/helicopter__4-175000-B-40.wav,helicopter,5.0,16000
noise_bank_v2/raw/esc50/helicopter__4-175000-C-40.wav,helicopter,5.0,16000
noise_bank_v2/raw/esc50/helicopter__4-193480-A-40.wav,helicopter,5.0,16000
noise_bank_v2/raw/esc50/helicopter__4-193480-B-40.wav,helicopter,5.0,16000
noise_bank_v2/raw/esc50/helicopter__5-177957-A-40.wav,helicopter,5.0,16000
noise_bank_v2/raw/esc50/helicopter__5-177957-B-40.wav,helicopter,5.0,16000
noise_bank_v2/raw/esc50/helicopter__5-177957-C-40.wav,helicopter,5.0,16000
noise_bank_v2/raw/esc50/helicopter__5-177957-D-40.wav,helicopter,5.0,16000
noise_bank_v2/raw/esc50/helicopter__5-177957-E-40.wav,helicopter,5.0,16000
noise_bank_v2/raw/esc50/helicopter__5-191131-A-40.wav,helicopter,5.0,16000
noise_bank_v2/raw/esc50/helicopter__5-205898-A-40.wav,helicopter,5.0,16000
noise_bank_v2/raw/esc50/helicopter__5-220955-A-40.wav,helicopter,5.0,16000
noise_bank_v2/raw/esc50/hen__1-18074-A-6.wav,hen,5.0,16000
noise_bank_v2/raw/esc50/hen__1-18074-B-6.wav,hen,5.0,16000
noise_bank_v2/raw/esc50/hen__1-31251-A-6.wav,hen,5.0,16000
noise_bank_v2/raw/esc50/hen__1-31251-B-6.wav,hen,5.0,16000
noise_bank_v2/raw/esc50/hen__1-5996-A-6.wav,hen,5.0,16000
noise_bank_v2/raw/esc50/hen__1-71030-A-6.wav,hen,5.0,16000
noise_bank_v2/raw/esc50/hen__1-72229-A-6.wav,hen,5.0,16000
noise_bank_v2/raw/esc50/hen__1-72229-B-6.wav,hen,5.0,16000
noise_bank_v2/raw/esc50/hen__2-120586-A-6.wav,hen,5.0,16000
noise_bank_v2/raw/esc50/hen__2-120587-A-6.wav,hen,5.0,16000
noise_bank_v2/raw/esc50/hen__2-127109-A-6.wav,hen,5.0,16000
noise_bank_v2/raw/esc50/hen__2-134049-A-6.wav,hen,5.0,16000
noise_bank_v2/raw/esc50/hen__2-157488-A-6.wav,hen,5.0,16000
noise_bank_v2/raw/esc50/hen__2-72268-A-6.wav,hen,5.0,16000
noise_bank_v2/raw/esc50/hen__2-75726-A-6.wav,hen,5.0,16000
noise_bank_v2/raw/esc50/hen__2-76868-A-6.wav,hen,5.0,16000
noise_bank_v2/raw/esc50/hen__3-164216-A-6.wav,hen,5.0,16000
noise_bank_v2/raw/esc50/hen__3-164216-B-6.wav,hen,5.0,16000
noise_bank_v2/raw/esc50/hen__3-164216-C-6.wav,hen,5.0,16000
noise_bank_v2/raw/esc50/hen__3-171281-A-6.wav,hen,5.0,16000
noise_bank_v2/raw/esc50/hen__3-178096-A-6.wav,hen,5.0,16000
noise_bank_v2/raw/esc50/hen__3-187549-A-6.wav,hen,5.0,16000
noise_bank_v2/raw/esc50/hen__3-187549-B-6.wav,hen,5.0,16000
noise_bank_v2/raw/esc50/hen__3-188390-A-6.wav,hen,5.0,16000
noise_bank_v2/raw/esc50/hen__4-197103-A-6.wav,hen,5.0,16000
noise_bank_v2/raw/esc50/hen__4-200330-A-6.wav,hen,5.0,16000
noise_bank_v2/raw/esc50/hen__4-200330-B-6.wav,hen,5.0,16000
noise_bank_v2/raw/esc50/hen__4-204830-A-6.wav,hen,5.0,16000
noise_bank_v2/raw/esc50/hen__4-232495-A-6.wav,hen,5.0,16000
noise_bank_v2/raw/esc50/hen__4-234879-A-6.wav,hen,5.0,16000
noise_bank_v2/raw/esc50/hen__4-244318-A-6.wav,hen,5.0,16000
noise_bank_v2/raw/esc50/hen__4-253649-A-6.wav,hen,5.0,16000
noise_bank_v2/raw/esc50/hen__5-244315-A-6.wav,hen,5.0,16000
noise_bank_v2/raw/esc50/hen__5-244315-B-6.wav,hen,5.0,16000
noise_bank_v2/raw/esc50/hen__5-244315-C-6.wav,hen,5.0,16000
noise_bank_v2/raw/esc50/hen__5-248341-A-6.wav,hen,5.0,16000
noise_bank_v2/raw/esc50/hen__5-248341-B-6.wav,hen,5.0,16000
noise_bank_v2/raw/esc50/hen__5-248341-C-6.wav,hen,5.0,16000
noise_bank_v2/raw/esc50/hen__5-263831-A-6.wav,hen,5.0,16000
noise_bank_v2/raw/esc50/hen__5-263831-B-6.wav,hen,5.0,16000
noise_bank_v2/raw/esc50/insects__1-17585-A-7.wav,insects,5.0,16000
noise_bank_v2/raw/esc50/insects__1-19501-A-7.wav,insects,5.0,16000
noise_bank_v2/raw/esc50/insects__1-46938-A-7.wav,insects,5.0,16000
noise_bank_v2/raw/esc50/insects__1-46938-B-7.wav,insects,5.0,16000
noise_bank_v2/raw/esc50/insects__1-73585-A-7.wav,insects,5.0,16000
noise_bank_v2/raw/esc50/insects__1-75189-A-7.wav,insects,5.0,16000
noise_bank_v2/raw/esc50/insects__1-7973-A-7.wav,insects,5.0,16000
noise_bank_v2/raw/esc50/insects__1-80785-A-7.wav,insects,5.0,16000
noise_bank_v2/raw/esc50/insects__2-160128-A-7.wav,insects,5.0,16000
noise_bank_v2/raw/esc50/insects__2-81970-A-7.wav,insects,5.0,16000
noise_bank_v2/raw/esc50/insects__2-81970-B-7.wav,insects,5.0,16000
noise_bank_v2/raw/esc50/insects__2-81970-C-7.wav,insects,5.0,16000
noise_bank_v2/raw/esc50/insects__2-82077-A-7.wav,insects,5.0,16000
noise_bank_v2/raw/esc50/insects__2-99955-A-7.wav,insects,5.0,16000
noise_bank_v2/raw/esc50/insects__2-99955-B-7.wav,insects,5.0,16000
noise_bank_v2/raw/esc50/insects__2-99955-C-7.wav,insects,5.0,16000
noise_bank_v2/raw/esc50/insects__3-104761-A-7.wav,insects,5.0,16000
noise_bank_v2/raw/esc50/insects__3-104761-B-7.wav,insects,5.0,16000
noise_bank_v2/raw/esc50/insects__3-105235-A-7.wav,insects,5.0,16000
noise_bank_v2/raw/esc50/insects__3-105236-A-7.wav,insects,5.0,16000
noise_bank_v2/raw/esc50/insects__3-110913-A-7.wav,insects,5.0,16000
noise_bank_v2/raw/esc50/insects__3-110913-B-7.wav,insects,5.0,16000
noise_bank_v2/raw/esc50/insects__3-110913-C-7.wav,insects,5.0,16000
noise_bank_v2/raw/esc50/insects__3-110913-D-7.wav,insects,5.0,16000
noise_bank_v2/raw/esc50/insects__4-130891-A-7.wav,insects,5.0,16000
noise_bank_v2/raw/esc50/insects__4-133895-A-7.wav,insects,5.0,16000
noise_bank_v2/raw/esc50/insects__4-143118-A-7.wav,insects,5.0,16000
noise_bank_v2/raw/esc50/insects__4-143118-B-7.wav,insects,5.0,16000
noise_bank_v2/raw/esc50/insects__4-182314-A-7.wav,insects,5.0,16000
noise_bank_v2/raw/esc50/insects__4-182314-B-7.wav,insects,5.0,16000
noise_bank_v2/raw/esc50/insects__4-191246-A-7.wav,insects,5.0,16000
noise_bank_v2/raw/esc50/insects__4-191246-B-7.wav,insects,5.0,16000
noise_bank_v2/raw/esc50/insects__5-194932-A-7.wav,insects,5.0,16000
noise_bank_v2/raw/esc50/insects__5-195517-A-7.wav,insects,5.0,16000
noise_bank_v2/raw/esc50/insects__5-195518-A-7.wav,insects,5.0,16000
noise_bank_v2/raw/esc50/insects__5-197446-A-7.wav,insects,5.0,16000
noise_bank_v2/raw/esc50/insects__5-198278-A-7.wav,insects,5.0,16000
noise_bank_v2/raw/esc50/insects__5-198278-B-7.wav,insects,5.0,16000
noise_bank_v2/raw/esc50/insects__5-198278-C-7.wav,insects,5.0,16000
noise_bank_v2/raw/esc50/insects__5-233787-A-7.wav,insects,5.0,16000
noise_bank_v2/raw/esc50/keyboard_typing__1-137-A-32.wav,keyboard_typing,5.0,16000
noise_bank_v2/raw/esc50/keyboard_typing__1-53501-A-32.wav,keyboard_typing,5.0,16000
noise_bank_v2/raw/esc50/keyboard_typing__1-61212-A-32.wav,keyboard_typing,5.0,16000
noise_bank_v2/raw/esc50/keyboard_typing__1-62594-A-32.wav,keyboard_typing,5.0,16000
noise_bank_v2/raw/esc50/keyboard_typing__1-79711-A-32.wav,keyboard_typing,5.0,16000
noise_bank_v2/raw/esc50/keyboard_typing__1-84393-A-32.wav,keyboard_typing,5.0,16000
noise_bank_v2/raw/esc50/keyboard_typing__1-94231-A-32.wav,keyboard_typing,5.0,16000
noise_bank_v2/raw/esc50/keyboard_typing__1-94231-B-32.wav,keyboard_typing,5.0,16000
noise_bank_v2/raw/esc50/keyboard_typing__2-104168-A-32.wav,keyboard_typing,5.0,16000
noise_bank_v2/raw/esc50/keyboard_typing__2-109316-A-32.wav,keyboard_typing,5.0,16000
noise_bank_v2/raw/esc50/keyboard_typing__2-118459-A-32.wav,keyboard_typing,5.0,16000
noise_bank_v2/raw/esc50/keyboard_typing__2-118459-B-32.wav,keyboard_typing,5.0,16000
noise_bank_v2/raw/esc50/keyboard_typing__2-118817-A-32.wav,keyboard_typing,5.0,16000
noise_bank_v2/raw/esc50/keyboard_typing__2-120333-A-32.wav,keyboard_typing,5.0,16000
noise_bank_v2/raw/esc50/keyboard_typing__2-99795-A-32.wav,keyboard_typing,5.0,16000
noise_bank_v2/raw/esc50/keyboard_typing__2-99796-A-32.wav,keyboard_typing,5.0,16000
noise_bank_v2/raw/esc50/keyboard_typing__3-125548-A-32.wav,keyboard_typing,5.0,16000
noise_bank_v2/raw/esc50/keyboard_typing__3-132830-A-32.wav,keyboard_typing,5.0,16000
noise_bank_v2/raw/esc50/keyboard_typing__3-144106-A-32.wav,keyboard_typing,5.0,16000
noise_bank_v2/raw/esc50/keyboard_typing__3-144120-A-32.wav,keyboard_typing,5.0,16000
noise_bank_v2/raw/esc50/keyboard_typing__3-153444-A-32.wav,keyboard_typing,5.0,16000
noise_bank_v2/raw/esc50/keyboard_typing__3-154781-A-32.wav,keyboard_typing,5.0,16000
noise_bank_v2/raw/esc50/keyboard_typing__3-155568-A-32.wav,keyboard_typing,5.0,16000
noise_bank_v2/raw/esc50/keyboard_typing__3-155570-A-32.wav,keyboard_typing,5.0,16000
noise_bank_v2/raw/esc50/keyboard_typing__4-158653-A-32.wav,keyboard_typing,5.0,16000
noise_bank_v2/raw/esc50/keyboard_typing__4-167155-A-32.wav,keyboard_typing,5.0,16000
noise_bank_v2/raw/esc50/keyboard_typing__4-172180-A-32.wav,keyboard_typing,5.0,16000
noise_bank_v2/raw/esc50/keyboard_typing__4-172742-A-32.wav,keyboard_typing,5.0,16000
noise_bank_v2/raw/esc50/keyboard_typing__4-177243-A-32.wav,keyboard_typing,5.0,16000
noise_bank_v2/raw/esc50/keyboard_typing__4-181707-A-32.wav,keyboard_typing,5.0,16000
noise_bank_v2/raw/esc50/keyboard_typing__4-181708-A-32.wav,keyboard_typing,5.0,16000
noise_bank_v2/raw/esc50/keyboard_typing__4-185613-A-32.wav,keyboard_typing,5.0,16000
noise_bank_v2/raw/esc50/keyboard_typing__5-205090-A-32.wav,keyboard_typing,5.0,16000
noise_bank_v2/raw/esc50/keyboard_typing__5-215005-A-32.wav,keyboard_typing,5.0,16000
noise_bank_v2/raw/esc50/keyboard_typing__5-216131-A-32.wav,keyboard_typing,5.0,16000
noise_bank_v2/raw/esc50/keyboard_typing__5-222894-A-32.wav,keyboard_typing,5.0,16000
noise_bank_v2/raw/esc50/keyboard_typing__5-223099-A-32.wav,keyboard_typing,5.0,16000
noise_bank_v2/raw/esc50/keyboard_typing__5-223099-B-32.wav,keyboard_typing,5.0,16000
noise_bank_v2/raw/esc50/keyboard_typing__5-234923-A-32.wav,keyboard_typing,5.0,16000
noise_bank_v2/raw/esc50/keyboard_typing__5-244178-A-32.wav,keyboard_typing,5.0,16000
noise_bank_v2/raw/esc50/laughing__1-1791-A-26.wav,laughing,5.0,16000
noise_bank_v2/raw/esc50/laughing__1-30039-A-26.wav,laughing,5.0,16000
noise_bank_v2/raw/esc50/laughing__1-30043-A-26.wav,laughing,5.0,16000
noise_bank_v2/raw/esc50/laughing__1-33658-A-26.wav,laughing,5.0,16000
noise_bank_v2/raw/esc50/laughing__1-36164-A-26.wav,laughing,5.0,16000
noise_bank_v2/raw/esc50/laughing__1-36164-B-26.wav,laughing,5.0,16000
noise_bank_v2/raw/esc50/laughing__1-72695-A-26.wav,laughing,5.0,16000
noise_bank_v2/raw/esc50/laughing__1-73123-A-26.wav,laughing,5.0,16000
noise_bank_v2/raw/esc50/laughing__2-109759-A-26.wav,laughing,5.0,16000
noise_bank_v2/raw/esc50/laughing__2-109759-B-26.wav,laughing,5.0,16000
noise_bank_v2/raw/esc50/laughing__2-60791-A-26.wav,laughing,5.0,16000
noise_bank_v2/raw/esc50/laughing__2-60794-A-26.wav,laughing,5.0,16000
noise_bank_v2/raw/esc50/laughing__2-60795-A-26.wav,laughing,5.0,16000
noise_bank_v2/raw/esc50/laughing__2-62226-A-26.wav,laughing,5.0,16000
noise_bank_v2/raw/esc50/laughing__2-79769-A-26.wav,laughing,5.0,16000
noise_bank_v2/raw/esc50/laughing__2-79775-A-26.wav,laughing,5.0,16000
noise_bank_v2/raw/esc50/laughing__3-107123-A-26.wav,laughing,5.0,16000
noise_bank_v2/raw/esc50/laughing__3-110536-A-26.wav,laughing,5.0,16000
noise_bank_v2/raw/esc50/laughing__3-118487-A-26.wav,laughing,5.0,16000
noise_bank_v2/raw/esc50/laughing__3-119459-A-26.wav,laughing,5.0,16000
noise_bank_v2/raw/esc50/laughing__3-126113-A-26.wav,laughing,5.0,16000
noise_bank_v2/raw/esc50/laughing__3-132747-A-26.wav,laughing,5.0,16000
noise_bank_v2/raw/esc50/laughing__3-152912-A-26.wav,laughing,5.0,16000
noise_bank_v2/raw/esc50/laughing__3-152997-A-26.wav,laughing,5.0,16000
noise_bank_v2/raw/esc50/laughing__4-132803-A-26.wav,laughing,5.0,16000
noise_bank_v2/raw/esc50/laughing__4-132810-A-26.wav,laughing,5.0,16000
noise_bank_v2/raw/esc50/laughing__4-132816-A-26.wav,laughing,5.0,16000
noise_bank_v2/raw/esc50/laughing__4-133674-A-26.wav,laughing,5.0,16000
noise_bank_v2/raw/esc50/laughing__4-155670-A-26.wav,laughing,5.0,16000
noise_bank_v2/raw/esc50/laughing__4-164243-A-26.wav,laughing,5.0,16000
noise_bank_v2/raw/esc50/laughing__4-167571-A-26.wav,laughing,5.0,16000
noise_bank_v2/raw/esc50/laughing__4-181599-A-26.wav,laughing,5.0,16000
noise_bank_v2/raw/esc50/laughing__5-171118-A-26.wav,laughing,5.0,16000
noise_bank_v2/raw/esc50/laughing__5-242932-A-26.wav,laughing,5.0,16000
noise_bank_v2/raw/esc50/laughing__5-242932-B-26.wav,laughing,5.0,16000
noise_bank_v2/raw/esc50/laughing__5-244526-A-26.wav,laughing,5.0,16000
noise_bank_v2/raw/esc50/laughing__5-253534-A-26.wav,laughing,5.0,16000
noise_bank_v2/raw/esc50/laughing__5-259514-A-26.wav,laughing,5.0,16000
noise_bank_v2/raw/esc50/laughing__5-263775-A-26.wav,laughing,5.0,16000
noise_bank_v2/raw/esc50/laughing__5-263775-B-26.wav,laughing,5.0,16000
noise_bank_v2/raw/esc50/mouse_click__1-118206-A-31.wav,mouse_click,5.0,16000
noise_bank_v2/raw/esc50/mouse_click__1-18655-A-31.wav,mouse_click,5.0,16000
noise_bank_v2/raw/esc50/mouse_click__1-45645-A-31.wav,mouse_click,5.0,16000
noise_bank_v2/raw/esc50/mouse_click__1-81851-A-31.wav,mouse_click,5.0,16000
noise_bank_v2/raw/esc50/mouse_click__1-85123-A-31.wav,mouse_click,5.0,16000
noise_bank_v2/raw/esc50/mouse_click__1-95563-A-31.wav,mouse_click,5.0,16000
noise_bank_v2/raw/esc50/mouse_click__1-97793-A-31.wav,mouse_click,5.0,16000
noise_bank_v2/raw/esc50/mouse_click__1-99958-A-31.wav,mouse_click,5.0,16000
noise_bank_v2/raw/esc50/mouse_click__2-119139-A-31.wav,mouse_click,5.0,16000
noise_bank_v2/raw/esc50/mouse_click__2-138257-A-31.wav,mouse_click,5.0,16000
noise_bank_v2/raw/esc50/mouse_click__2-146877-A-31.wav,mouse_click,5.0,16000
noise_bank_v2/raw/esc50/mouse_click__2-146877-B-31.wav,mouse_click,5.0,16000
noise_bank_v2/raw/esc50/mouse_click__2-152895-A-31.wav,mouse_click,5.0,16000
noise_bank_v2/raw/esc50/mouse_click__2-152964-A-31.wav,mouse_click,5.0,16000
noise_bank_v2/raw/esc50/mouse_click__2-153388-A-31.wav,mouse_click,5.0,16000
noise_bank_v2/raw/esc50/mouse_click__2-154688-A-31.wav,mouse_click,5.0,16000
noise_bank_v2/raw/esc50/mouse_click__3-155556-A-31.wav,mouse_click,5.0,16000
noise_bank_v2/raw/esc50/mouse_click__3-158056-A-31.wav,mouse_click,5.0,16000
noise_bank_v2/raw/esc50/mouse_click__3-158056-B-31.wav,mouse_click,5.0,16000
noise_bank_v2/raw/esc50/mouse_click__3-167096-A-31.wav,mouse_click,5.0,16000
noise_bank_v2/raw/esc50/mouse_click__3-170312-A-31.wav,mouse_click,5.0,16000
noise_bank_v2/raw/esc50/mouse_click__3-170851-A-31.wav,mouse_click,5.0,16000
noise_bank_v2/raw/esc50/mouse_click__3-172179-A-31.wav,mouse_click,5.0,16000
noise_bank_v2/raw/esc50/mouse_click__3-185313-A-31.wav,mouse_click,5.0,16000
noise_bank_v2/raw/esc50/mouse_click__4-192068-A-31.wav,mouse_click,5.0,16000
noise_bank_v2/raw/esc50/mouse_click__4-195305-A-31.wav,mouse_click,5.0,16000
noise_bank_v2/raw/esc50/mouse_click__4-201300-A-31.wav,mouse_click,5.0,16000
noise_bank_v2/raw/esc50/mouse_click__4-201800-A-31.wav,mouse_click,5.0,16000
noise_bank_v2/raw/esc50/mouse_click__4-202298-A-31.wav,mouse_click,5.0,16000
noise_bank_v2/raw/esc50/mouse_click__4-204612-A-31.wav,mouse_click,5.0,16000
noise_bank_v2/raw/esc50/mouse_click__4-204683-A-31.wav,mouse_click,5.0,16000
noise_bank_v2/raw/esc50/mouse_click__4-210309-A-31.wav,mouse_click,5.0,16000
noise_bank_v2/raw/esc50/mouse_click__5-219318-A-31.wav,mouse_click,5.0,16000
noise_bank_v2/raw/esc50/mouse_click__5-223103-A-31.wav,mouse_click,5.0,16000
noise_bank_v2/raw/esc50/mouse_click__5-223317-A-31.wav,mouse_click,5.0,16000
noise_bank_v2/raw/esc50/mouse_click__5-232802-A-31.wav,mouse_click,5.0,16000
noise_bank_v2/raw/esc50/mouse_click__5-233019-A-31.wav,mouse_click,5.0,16000
noise_bank_v2/raw/esc50/mouse_click__5-237315-A-31.wav,mouse_click,5.0,16000
noise_bank_v2/raw/esc50/mouse_click__5-238926-A-31.wav,mouse_click,5.0,16000
noise_bank_v2/raw/esc50/mouse_click__5-244651-A-31.wav,mouse_click,5.0,16000
noise_bank_v2/raw/esc50/pig__1-208757-A-2.wav,pig,5.0,16000
noise_bank_v2/raw/esc50/pig__1-208757-B-2.wav,pig,5.0,16000
noise_bank_v2/raw/esc50/pig__1-208757-C-2.wav,pig,5.0,16000
noise_bank_v2/raw/esc50/pig__1-208757-D-2.wav,pig,5.0,16000
noise_bank_v2/raw/esc50/pig__1-208757-E-2.wav,pig,5.0,16000
noise_bank_v2/raw/esc50/pig__1-260640-A-2.wav,pig,5.0,16000
noise_bank_v2/raw/esc50/pig__1-260640-B-2.wav,pig,5.0,16000
noise_bank_v2/raw/esc50/pig__1-260640-C-2.wav,pig,5.0,16000
noise_bank_v2/raw/esc50/pig__2-158746-A-2.wav,pig,5.0,16000
noise_bank_v2/raw/esc50/pig__2-158746-B-2.wav,pig,5.0,16000
noise_bank_v2/raw/esc50/pig__2-158746-C-2.wav,pig,5.0,16000
noise_bank_v2/raw/esc50/pig__2-158746-D-2.wav,pig,5.0,16000
noise_bank_v2/raw/esc50/pig__2-166644-A-2.wav,pig,5.0,16000
noise_bank_v2/raw/esc50/pig__2-166644-B-2.wav,pig,5.0,16000
noise_bank_v2/raw/esc50/pig__2-166644-C-2.wav,pig,5.0,16000
noise_bank_v2/raw/esc50/pig__2-37870-A-2.wav,pig,5.0,16000
noise_bank_v2/raw/esc50/pig__3-233151-A-2.wav,pig,5.0,16000
noise_bank_v2/raw/esc50/pig__3-253081-A-2.wav,pig,5.0,16000
noise_bank_v2/raw/esc50/pig__3-253084-A-2.wav,pig,5.0,16000
noise_bank_v2/raw/esc50/pig__3-253084-B-2.wav,pig,5.0,16000
noise_bank_v2/raw/esc50/pig__3-253084-C-2.wav,pig,5.0,16000
noise_bank_v2/raw/esc50/pig__3-253084-D-2.wav,pig,5.0,16000
noise_bank_v2/raw/esc50/pig__3-253084-E-2.wav,pig,5.0,16000
noise_bank_v2/raw/esc50/pig__3-257858-A-2.wav,pig,5.0,16000
noise_bank_v2/raw/esc50/pig__4-132383-A-2.wav,pig,5.0,16000
noise_bank_v2/raw/esc50/pig__4-132383-B-2.wav,pig,5.0,16000
noise_bank_v2/raw/esc50/pig__4-147240-A-2.wav,pig,5.0,16000
noise_bank_v2/raw/esc50/pig__4-147240-B-2.wav,pig,5.0,16000
noise_bank_v2/raw/esc50/pig__4-234644-A-2.wav,pig,5.0,16000
noise_bank_v2/raw/esc50/pig__4-250869-A-2.wav,pig,5.0,16000
noise_bank_v2/raw/esc50/pig__4-250869-B-2.wav,pig,5.0,16000
noise_bank_v2/raw/esc50/pig__4-250869-C-2.wav,pig,5.0,16000
noise_bank_v2/raw/esc50/pig__5-103415-A-2.wav,pig,5.0,16000
noise_bank_v2/raw/esc50/pig__5-103416-A-2.wav,pig,5.0,16000
noise_bank_v2/raw/esc50/pig__5-103418-A-2.wav,pig,5.0,16000
noise_bank_v2/raw/esc50/pig__5-103420-A-2.wav,pig,5.0,16000
noise_bank_v2/raw/esc50/pig__5-103421-A-2.wav,pig,5.0,16000
noise_bank_v2/raw/esc50/pig__5-103422-A-2.wav,pig,5.0,16000
noise_bank_v2/raw/esc50/pig__5-117250-A-2.wav,pig,5.0,16000
noise_bank_v2/raw/esc50/pig__5-127990-A-2.wav,pig,5.0,16000
noise_bank_v2/raw/esc50/pouring_water__1-118559-A-17.wav,pouring_water,5.0,16000
noise_bank_v2/raw/esc50/pouring_water__1-50625-A-17.wav,pouring_water,5.0,16000
noise_bank_v2/raw/esc50/pouring_water__1-50688-A-17.wav,pouring_water,5.0,16000
noise_bank_v2/raw/esc50/pouring_water__1-51433-A-17.wav,pouring_water,5.0,16000
noise_bank_v2/raw/esc50/pouring_water__1-51436-A-17.wav,pouring_water,5.0,16000
noise_bank_v2/raw/esc50/pouring_water__1-61221-A-17.wav,pouring_water,5.0,16000
noise_bank_v2/raw/esc50/pouring_water__1-67152-A-17.wav,pouring_water,5.0,16000
noise_bank_v2/raw/esc50/pouring_water__1-79220-A-17.wav,pouring_water,5.0,16000
noise_bank_v2/raw/esc50/pouring_water__2-102414-A-17.wav,pouring_water,5.0,16000
noise_bank_v2/raw/esc50/pouring_water__2-102414-B-17.wav,pouring_water,5.0,16000
noise_bank_v2/raw/esc50/pouring_water__2-102414-C-17.wav,pouring_water,5.0,16000
noise_bank_v2/raw/esc50/pouring_water__2-102414-D-17.wav,pouring_water,5.0,16000
noise_bank_v2/raw/esc50/pouring_water__2-102414-E-17.wav,pouring_water,5.0,16000
noise_bank_v2/raw/esc50/pouring_water__2-102414-F-17.wav,pouring_water,5.0,16000
noise_bank_v2/raw/esc50/pouring_water__2-102414-G-17.wav,pouring_water,5.0,16000
noise_bank_v2/raw/esc50/pouring_water__2-126433-A-17.wav,pouring_water,5.0,16000
noise_bank_v2/raw/esc50/pouring_water__3-108451-A-17.wav,pouring_water,5.0,16000
noise_bank_v2/raw/esc50/pouring_water__3-108451-B-17.wav,pouring_water,5.0,16000
noise_bank_v2/raw/esc50/pouring_water__3-127874-A-17.wav,pouring_water,5.0,16000
noise_bank_v2/raw/esc50/pouring_water__3-142349-A-17.wav,pouring_water,5.0,16000
noise_bank_v2/raw/esc50/pouring_water__3-145719-A-17.wav,pouring_water,5.0,16000
noise_bank_v2/raw/esc50/pouring_water__3-149448-A-17.wav,pouring_water,5.0,16000
noise_bank_v2/raw/esc50/pouring_water__3-154439-A-17.wav,pouring_water,5.0,16000
noise_bank_v2/raw/esc50/pouring_water__3-161500-A-17.wav,pouring_water,5.0,16000
noise_bank_v2/raw/esc50/pouring_water__4-168868-A-17.wav,pouring_water,5.0,16000
noise_bank_v2/raw/esc50/pouring_water__4-172377-A-17.wav,pouring_water,5.0,16000
noise_bank_v2/raw/esc50/pouring_water__4-180453-A-17.wav,pouring_water,5.0,16000
noise_bank_v2/raw/esc50/pouring_water__4-181628-A-17.wav,pouring_water,5.0,16000
noise_bank_v2/raw/esc50/pouring_water__4-182839-A-17.wav,pouring_water,5.0,16000
noise_bank_v2/raw/esc50/pouring_water__4-186693-A-17.wav,pouring_water,5.0,16000
noise_bank_v2/raw/esc50/pouring_water__4-187504-A-17.wav,pouring_water,5.0,16000
noise_bank_v2/raw/esc50/pouring_water__4-187504-B-17.wav,pouring_water,5.0,16000
noise_bank_v2/raw/esc50/pouring_water__5-205589-A-17.wav,pouring_water,5.0,16000
noise_bank_v2/raw/esc50/pouring_water__5-205589-B-17.wav,pouring_water,5.0,16000
noise_bank_v2/raw/esc50/pouring_water__5-207781-A-17.wav,pouring_water,5.0,16000
noise_bank_v2/raw/esc50/pouring_water__5-212730-A-17.wav,pouring_water,5.0,16000
noise_bank_v2/raw/esc50/pouring_water__5-212734-A-17.wav,pouring_water,5.0,16000
noise_bank_v2/raw/esc50/pouring_water__5-212736-A-17.wav,pouring_water,5.0,16000
noise_bank_v2/raw/esc50/pouring_water__5-214362-A-17.wav,pouring_water,5.0,16000
noise_bank_v2/raw/esc50/pouring_water__5-215634-A-17.wav,pouring_water,5.0,16000
noise_bank_v2/raw/esc50/rain__1-17367-A-10.wav,rain,5.0,16000
noise_bank_v2/raw/esc50/rain__1-21189-A-10.wav,rain,5.0,16000
noise_bank_v2/raw/esc50/rain__1-26222-A-10.wav,rain,5.0,16000
noise_bank_v2/raw/esc50/rain__1-29561-A-10.wav,rain,5.0,16000
noise_bank_v2/raw/esc50/rain__1-50060-A-10.wav,rain,5.0,16000
noise_bank_v2/raw/esc50/rain__1-54958-A-10.wav,rain,5.0,16000
noise_bank_v2/raw/esc50/rain__1-56311-A-10.wav,rain,5.0,16000
noise_bank_v2/raw/esc50/rain__1-63871-A-10.wav,rain,5.0,16000
noise_bank_v2/raw/esc50/rain__2-101676-A-10.wav,rain,5.0,16000
noise_bank_v2/raw/esc50/rain__2-117625-A-10.wav,rain,5.0,16000
noise_bank_v2/raw/esc50/rain__2-72970-A-10.wav,rain,5.0,16000
noise_bank_v2/raw/esc50/rain__2-73027-A-10.wav,rain,5.0,16000
noise_bank_v2/raw/esc50/rain__2-73260-A-10.wav,rain,5.0,16000
noise_bank_v2/raw/esc50/rain__2-81731-A-10.wav,rain,5.0,16000
noise_bank_v2/raw/esc50/rain__2-82367-A-10.wav,rain,5.0,16000
noise_bank_v2/raw/esc50/rain__2-87781-A-10.wav,rain,5.0,16000
noise_bank_v2/raw/esc50/rain__3-132852-A-10.wav,rain,5.0,16000
noise_bank_v2/raw/esc50/rain__3-140774-A-10.wav,rain,5.0,16000
noise_bank_v2/raw/esc50/rain__3-142005-A-10.wav,rain,5.0,16000
noise_bank_v2/raw/esc50/rain__3-142006-A-10.wav,rain,5.0,16000
noise_bank_v2/raw/esc50/rain__3-143929-A-10.wav,rain,5.0,16000
noise_bank_v2/raw/esc50/rain__3-157149-A-10.wav,rain,5.0,16000
noise_bank_v2/raw/esc50/rain__3-157487-A-10.wav,rain,5.0,16000
noise_bank_v2/raw/esc50/rain__3-157615-A-10.wav,rain,5.0,16000
noise_bank_v2/raw/esc50/rain__4-160999-A-10.wav,rain,5.0,16000
noise_bank_v2/raw/esc50/rain__4-161127-A-10.wav,rain,5.0,16000
noise_bank_v2/raw/esc50/rain__4-163264-A-10.wav,rain,5.0,16000
noise_bank_v2/raw/esc50/rain__4-164206-A-10.wav,rain,5.0,16000
noise_bank_v2/raw/esc50/rain__4-166661-A-10.wav,rain,5.0,16000
noise_bank_v2/raw/esc50/rain__4-177250-A-10.wav,rain,5.0,16000
noise_bank_v2/raw/esc50/rain__4-180380-A-10.wav,rain,5.0,16000
noise_bank_v2/raw/esc50/rain__4-181286-A-10.wav,rain,5.0,16000
noise_bank_v2/raw/esc50/rain__5-181766-A-10.wav,rain,5.0,16000
noise_bank_v2/raw/esc50/rain__5-188655-A-10.wav,rain,5.0,16000
noise_bank_v2/raw/esc50/rain__5-193339-A-10.wav,rain,5.0,16000
noise_bank_v2/raw/esc50/rain__5-194892-A-10.wav,rain,5.0,16000
noise_bank_v2/raw/esc50/rain__5-195710-A-10.wav,rain,5.0,16000
noise_bank_v2/raw/esc50/rain__5-198321-A-10.wav,rain,5.0,16000
noise_bank_v2/raw/esc50/rain__5-202898-A-10.wav,rain,5.0,16000
noise_bank_v2/raw/esc50/rain__5-203739-A-10.wav,rain,5.0,16000
noise_bank_v2/raw/esc50/rooster__1-26806-A-1.wav,rooster,5.0,16000
noise_bank_v2/raw/esc50/rooster__1-27724-A-1.wav,rooster,5.0,16000
noise_bank_v2/raw/esc50/rooster__1-34119-A-1.wav,rooster,5.0,16000
noise_bank_v2/raw/esc50/rooster__1-34119-B-1.wav,rooster,5.0,16000
noise_bank_v2/raw/esc50/rooster__1-39923-A-1.wav,rooster,5.0,16000
noise_bank_v2/raw/esc50/rooster__1-40730-A-1.wav,rooster,5.0,16000
noise_bank_v2/raw/esc50/rooster__1-43382-A-1.wav,rooster,5.0,16000
noise_bank_v2/raw/esc50/rooster__1-44831-A-1.wav,rooster,5.0,16000
noise_bank_v2/raw/esc50/rooster__2-100786-A-1.wav,rooster,5.0,16000
noise_bank_v2/raw/esc50/rooster__2-65750-A-1.wav,rooster,5.0,16000
noise_bank_v2/raw/esc50/rooster__2-71162-A-1.wav,rooster,5.0,16000
noise_bank_v2/raw/esc50/rooster__2-81270-A-1.wav,rooster,5.0,16000
noise_bank_v2/raw/esc50/rooster__2-95035-A-1.wav,rooster,5.0,16000
noise_bank_v2/raw/esc50/rooster__2-95258-A-1.wav,rooster,5.0,16000
noise_bank_v2/raw/esc50/rooster__2-95258-B-1.wav,rooster,5.0,16000
noise_bank_v2/raw/esc50/rooster__2-96460-A-1.wav,rooster,5.0,16000
noise_bank_v2/raw/esc50/rooster__3-107219-A-1.wav,rooster,5.0,16000
noise_bank_v2/raw/esc50/rooster__3-116135-A-1.wav,rooster,5.0,16000
noise_bank_v2/raw/esc50/rooster__3-134049-A-1.wav,rooster,5.0,16000
noise_bank_v2/raw/esc50/rooster__3-137152-A-1.wav,rooster,5.0,16000
noise_bank_v2/raw/esc50/rooster__3-145382-A-1.wav,rooster,5.0,16000
noise_bank_v2/raw/esc50/rooster__3-149189-A-1.wav,rooster,5.0,16000
noise_bank_v2/raw/esc50/rooster__3-154957-A-1.wav,rooster,5.0,16000
noise_bank_v2/raw/esc50/rooster__3-163288-A-1.wav,rooster,5.0,16000
noise_bank_v2/raw/esc50/rooster__4-164021-A-1.wav,rooster,5.0,16000
noise_bank_v2/raw/esc50/rooster__4-164064-A-1.wav,rooster,5.0,16000
noise_bank_v2/raw/esc50/rooster__4-164064-B-1.wav,rooster,5.0,16000
noise_bank_v2/raw/esc50/rooster__4-164064-C-1.wav,rooster,5.0,16000
noise_bank_v2/raw/esc50/rooster__4-164859-A-1.wav,rooster,5.0,16000
noise_bank_v2/raw/esc50/rooster__4-170078-A-1.wav,rooster,5.0,16000
noise_bank_v2/raw/esc50/rooster__4-183487-A-1.wav,rooster,5.0,16000
noise_bank_v2/raw/esc50/rooster__4-208021-A-1.wav,rooster,5.0,16000
noise_bank_v2/raw/esc50/rooster__5-194930-A-1.wav,rooster,5.0,16000
noise_bank_v2/raw/esc50/rooster__5-194930-B-1.wav,rooster,5.0,16000
noise_bank_v2/raw/esc50/rooster__5-200334-A-1.wav,rooster,5.0,16000
noise_bank_v2/raw/esc50/rooster__5-200334-B-1.wav,rooster,5.0,16000
noise_bank_v2/raw/esc50/rooster__5-200339-A-1.wav,rooster,5.0,16000
noise_bank_v2/raw/esc50/rooster__5-233160-A-1.wav,rooster,5.0,16000
noise_bank_v2/raw/esc50/rooster__5-234879-A-1.wav,rooster,5.0,16000
noise_bank_v2/raw/esc50/rooster__5-234879-B-1.wav,rooster,5.0,16000
noise_bank_v2/raw/esc50/sea_waves__1-28135-A-11.wav,sea_waves,5.0,16000
noise_bank_v2/raw/esc50/sea_waves__1-28135-B-11.wav,sea_waves,5.0,16000
noise_bank_v2/raw/esc50/sea_waves__1-39901-A-11.wav,sea_waves,5.0,16000
noise_bank_v2/raw/esc50/sea_waves__1-39901-B-11.wav,sea_waves,5.0,16000
noise_bank_v2/raw/esc50/sea_waves__1-43760-A-11.wav,sea_waves,5.0,16000
noise_bank_v2/raw/esc50/sea_waves__1-61252-A-11.wav,sea_waves,5.0,16000
noise_bank_v2/raw/esc50/sea_waves__1-91359-A-11.wav,sea_waves,5.0,16000
noise_bank_v2/raw/esc50/sea_waves__1-91359-B-11.wav,sea_waves,5.0,16000
noise_bank_v2/raw/esc50/sea_waves__2-102852-A-11.wav,sea_waves,5.0,16000
noise_bank_v2/raw/esc50/sea_waves__2-124662-A-11.wav,sea_waves,5.0,16000
noise_bank_v2/raw/esc50/sea_waves__2-125966-A-11.wav,sea_waves,5.0,16000
noise_bank_v2/raw/esc50/sea_waves__2-132157-A-11.wav,sea_waves,5.0,16000
noise_bank_v2/raw/esc50/sea_waves__2-132157-B-11.wav,sea_waves,5.0,16000
noise_bank_v2/raw/esc50/sea_waves__2-133863-A-11.wav,sea_waves,5.0,16000
noise_bank_v2/raw/esc50/sea_waves__2-137162-A-11.wav,sea_waves,5.0,16000
noise_bank_v2/raw/esc50/sea_waves__2-155801-A-11.wav,sea_waves,5.0,16000
noise_bank_v2/raw/esc50/sea_waves__3-144827-A-11.wav,sea_waves,5.0,16000
noise_bank_v2/raw/esc50/sea_waves__3-144827-B-11.wav,sea_waves,5.0,16000
noise_bank_v2/raw/esc50/sea_waves__3-155642-A-11.wav,sea_waves,5.0,16000
noise_bank_v2/raw/esc50/sea_waves__3-155642-B-11.wav,sea_waves,5.0,16000
noise_bank_v2/raw/esc50/sea_waves__3-164120-A-11.wav,sea_waves,5.0,16000
noise_bank_v2/raw/esc50/sea_waves__3-164630-A-11.wav,sea_waves,5.0,16000
noise_bank_v2/raw/esc50/sea_waves__3-166422-A-11.wav,sea_waves,5.0,16000
noise_bank_v2/raw/esc50/sea_waves__3-187710-A-11.wav,sea_waves,5.0,16000
noise_bank_v2/raw/esc50/sea_waves__4-167063-A-11.wav,sea_waves,5.0,16000
noise_bank_v2/raw/esc50/sea_waves__4-167063-B-11.wav,sea_waves,5.0,16000
noise_bank_v2/raw/esc50/sea_waves__4-167063-C-11.wav,sea_waves,5.0,16000
noise_bank_v2/raw/esc50/sea_waves__4-182613-A-11.wav,sea_waves,5.0,16000
noise_bank_v2/raw/esc50/sea_waves__4-182613-B-11.wav,sea_waves,5.0,16000
noise_bank_v2/raw/esc50/sea_waves__4-195497-A-11.wav,sea_waves,5.0,16000
noise_bank_v2/raw/esc50/sea_waves__4-195497-B-11.wav,sea_waves,5.0,16000
noise_bank_v2/raw/esc50/sea_waves__4-204618-A-11.wav,sea_waves,5.0,16000
noise_bank_v2/raw/esc50/sea_waves__5-200461-A-11.wav,sea_waves,5.0,16000
noise_bank_v2/raw/esc50/sea_waves__5-200461-B-11.wav,sea_waves,5.0,16000
noise_bank_v2/raw/esc50/sea_waves__5-208810-A-11.wav,sea_waves,5.0,16000
noise_bank_v2/raw/esc50/sea_waves__5-208810-B-11.wav,sea_waves,5.0,16000
noise_bank_v2/raw/esc50/sea_waves__5-213077-A-11.wav,sea_waves,5.0,16000
noise_bank_v2/raw/esc50/sea_waves__5-219379-A-11.wav,sea_waves,5.0,16000
noise_bank_v2/raw/esc50/sea_waves__5-219379-B-11.wav,sea_waves,5.0,16000
noise_bank_v2/raw/esc50/sea_waves__5-219379-C-11.wav,sea_waves,5.0,16000
noise_bank_v2/raw/esc50/sheep__1-121951-A-8.wav,sheep,5.0,16000
noise_bank_v2/raw/esc50/sheep__1-196660-A-8.wav,sheep,5.0,16000
noise_bank_v2/raw/esc50/sheep__1-196660-B-8.wav,sheep,5.0,16000
noise_bank_v2/raw/esc50/sheep__1-49409-A-8.wav,sheep,5.0,16000
noise_bank_v2/raw/esc50/sheep__1-49409-B-8.wav,sheep,5.0,16000
noise_bank_v2/raw/esc50/sheep__1-57795-A-8.wav,sheep,5.0,16000
noise_bank_v2/raw/esc50/sheep__1-75190-A-8.wav,sheep,5.0,16000
noise_bank_v2/raw/esc50/sheep__1-88574-A-8.wav,sheep,5.0,16000
noise_bank_v2/raw/esc50/sheep__2-110614-A-8.wav,sheep,5.0,16000
noise_bank_v2/raw/esc50/sheep__2-110614-B-8.wav,sheep,5.0,16000
noise_bank_v2/raw/esc50/sheep__2-119161-A-8.wav,sheep,5.0,16000
noise_bank_v2/raw/esc50/sheep__2-119161-B-8.wav,sheep,5.0,16000
noise_bank_v2/raw/esc50/sheep__2-119161-C-8.wav,sheep,5.0,16000
noise_bank_v2/raw/esc50/sheep__2-182508-A-8.wav,sheep,5.0,16000
noise_bank_v2/raw/esc50/sheep__2-182508-B-8.wav,sheep,5.0,16000
noise_bank_v2/raw/esc50/sheep__2-196688-A-8.wav,sheep,5.0,16000
noise_bank_v2/raw/esc50/sheep__3-140199-A-8.wav,sheep,5.0,16000
noise_bank_v2/raw/esc50/sheep__3-140199-B-8.wav,sheep,5.0,16000
noise_bank_v2/raw/esc50/sheep__3-140199-C-8.wav,sheep,5.0,16000
noise_bank_v2/raw/esc50/sheep__3-140199-D-8.wav,sheep,5.0,16000
noise_bank_v2/raw/esc50/sheep__3-197408-A-8.wav,sheep,5.0,16000
noise_bank_v2/raw/esc50/sheep__3-197408-B-8.wav,sheep,5.0,16000
noise_bank_v2/raw/esc50/sheep__3-197408-C-8.wav,sheep,5.0,16000
noise_bank_v2/raw/esc50/sheep__3-20861-A-8.wav,sheep,5.0,16000
noise_bank_v2/raw/esc50/sheep__4-188703-A-8.wav,sheep,5.0,16000
noise_bank_v2/raw/esc50/sheep__4-188703-B-8.wav,sheep,5.0,16000
noise_bank_v2/raw/esc50/sheep__4-188703-C-8.wav,sheep,5.0,16000
noise_bank_v2/raw/esc50/sheep__4-188703-D-8.wav,sheep,5.0,16000
noise_bank_v2/raw/esc50/sheep__4-196671-A-8.wav,sheep,5.0,16000
noise_bank_v2/raw/esc50/sheep__4-196671-B-8.wav,sheep,5.0,16000
noise_bank_v2/raw/esc50/sheep__4-196672-A-8.wav,sheep,5.0,16000
noise_bank_v2/raw/esc50/sheep__4-250864-A-8.wav,sheep,5.0,16000
noise_bank_v2/raw/esc50/sheep__5-198891-A-8.wav,sheep,5.0,16000
noise_bank_v2/raw/esc50/sheep__5-198891-B-8.wav,sheep,5.0,16000
noise_bank_v2/raw/esc50/sheep__5-198891-C-8.wav,sheep,5.0,16000
noise_bank_v2/raw/esc50/sheep__5-198891-D-8.wav,sheep,5.0,16000
noise_bank_v2/raw/esc50/sheep__5-200329-A-8.wav,sheep,5.0,16000
noise_bank_v2/raw/esc50/sheep__5-200329-B-8.wav,sheep,5.0,16000
noise_bank_v2/raw/esc50/sheep__5-200329-C-8.wav,sheep,5.0,16000
noise_bank_v2/raw/esc50/sheep__5-61635-A-8.wav,sheep,5.0,16000
noise_bank_v2/raw/esc50/siren__1-31482-A-42.wav,siren,5.0,16000
noise_bank_v2/raw/esc50/siren__1-31482-B-42.wav,siren,5.0,16000
noise_bank_v2/raw/esc50/siren__1-54084-A-42.wav,siren,5.0,16000
noise_bank_v2/raw/esc50/siren__1-76831-A-42.wav,siren,5.0,16000
noise_bank_v2/raw/esc50/siren__1-76831-B-42.wav,siren,5.0,16000
noise_bank_v2/raw/esc50/siren__1-76831-C-42.wav,siren,5.0,16000
noise_bank_v2/raw/esc50/siren__1-76831-D-42.wav,siren,5.0,16000
noise_bank_v2/raw/esc50/siren__1-76831-E-42.wav,siren,5.0,16000
noise_bank_v2/raw/esc50/siren__2-43802-A-42.wav,siren,5.0,16000
noise_bank_v2/raw/esc50/siren__2-43806-A-42.wav,siren,5.0,16000
noise_bank_v2/raw/esc50/siren__2-70052-A-42.wav,siren,5.0,16000
noise_bank_v2/raw/esc50/siren__2-70052-B-42.wav,siren,5.0,16000
noise_bank_v2/raw/esc50/siren__2-70936-A-42.wav,siren,5.0,16000
noise_bank_v2/raw/esc50/siren__2-70938-A-42.wav,siren,5.0,16000
noise_bank_v2/raw/esc50/siren__2-70939-A-42.wav,siren,5.0,16000
noise_bank_v2/raw/esc50/siren__2-72688-A-42.wav,siren,5.0,16000
noise_bank_v2/raw/esc50/siren__3-51376-A-42.wav,siren,5.0,16000
noise_bank_v2/raw/esc50/siren__3-51731-A-42.wav,siren,5.0,16000
noise_bank_v2/raw/esc50/siren__3-51731-B-42.wav,siren,5.0,16000
noise_bank_v2/raw/esc50/siren__3-51909-A-42.wav,siren,5.0,16000
noise_bank_v2/raw/esc50/siren__3-51909-B-42.wav,siren,5.0,16000
noise_bank_v2/raw/esc50/siren__3-58772-A-42.wav,siren,5.0,16000
noise_bank_v2/raw/esc50/siren__3-62878-A-42.wav,siren,5.0,16000
noise_bank_v2/raw/esc50/siren__3-62878-B-42.wav,siren,5.0,16000
noise_bank_v2/raw/esc50/siren__4-102871-A-42.wav,siren,5.0,16000
noise_bank_v2/raw/esc50/siren__4-111671-A-42.wav,siren,5.0,16000
noise_bank_v2/raw/esc50/siren__4-111671-B-42.wav,siren,5.0,16000
noise_bank_v2/raw/esc50/siren__4-121532-A-42.wav,siren,5.0,16000
noise_bank_v2/raw/esc50/siren__4-67358-A-42.wav,siren,5.0,16000
noise_bank_v2/raw/esc50/siren__4-80761-A-42.wav,siren,5.0,16000
noise_bank_v2/raw/esc50/siren__4-90014-A-42.wav,siren,5.0,16000
noise_bank_v2/raw/esc50/siren__4-90014-B-42.wav,siren,5.0,16000
noise_bank_v2/raw/esc50/siren__5-117118-A-42.wav,siren,5.0,16000
noise_bank_v2/raw/esc50/siren__5-117120-A-42.wav,siren,5.0,16000
noise_bank_v2/raw/esc50/siren__5-117122-A-42.wav,siren,5.0,16000
noise_bank_v2/raw/esc50/siren__5-133989-A-42.wav,siren,5.0,16000
noise_bank_v2/raw/esc50/siren__5-133989-B-42.wav,siren,5.0,16000
noise_bank_v2/raw/esc50/siren__5-150409-A-42.wav,siren,5.0,16000
noise_bank_v2/raw/esc50/siren__5-160551-A-42.wav,siren,5.0,16000
noise_bank_v2/raw/esc50/siren__5-184323-A-42.wav,siren,5.0,16000
noise_bank_v2/raw/esc50/sneezing__1-26143-A-21.wav,sneezing,5.0,16000
noise_bank_v2/raw/esc50/sneezing__1-29680-A-21.wav,sneezing,5.0,16000
noise_bank_v2/raw/esc50/sneezing__1-31748-A-21.wav,sneezing,5.0,16000
noise_bank_v2/raw/esc50/sneezing__1-47273-A-21.wav,sneezing,5.0,16000
noise_bank_v2/raw/esc50/sneezing__1-47274-A-21.wav,sneezing,5.0,16000
noise_bank_v2/raw/esc50/sneezing__1-54505-A-21.wav,sneezing,5.0,16000
noise_bank_v2/raw/esc50/sneezing__1-59324-A-21.wav,sneezing,5.0,16000
noise_bank_v2/raw/esc50/sneezing__1-81883-A-21.wav,sneezing,5.0,16000
noise_bank_v2/raw/esc50/sneezing__2-109505-A-21.wav,sneezing,5.0,16000
noise_bank_v2/raw/esc50/sneezing__2-118104-A-21.wav,sneezing,5.0,16000
noise_bank_v2/raw/esc50/sneezing__2-119102-A-21.wav,sneezing,5.0,16000
noise_bank_v2/raw/esc50/sneezing__2-128631-A-21.wav,sneezing,5.0,16000
noise_bank_v2/raw/esc50/sneezing__2-130978-A-21.wav,sneezing,5.0,16000
noise_bank_v2/raw/esc50/sneezing__2-130979-A-21.wav,sneezing,5.0,16000
noise_bank_v2/raw/esc50/sneezing__2-82538-A-21.wav,sneezing,5.0,16000
noise_bank_v2/raw/esc50/sneezing__2-93030-A-21.wav,sneezing,5.0,16000
noise_bank_v2/raw/esc50/sneezing__3-141684-A-21.wav,sneezing,5.0,16000
noise_bank_v2/raw/esc50/sneezing__3-142601-A-21.wav,sneezing,5.0,16000
noise_bank_v2/raw/esc50/sneezing__3-142605-A-21.wav,sneezing,5.0,16000
noise_bank_v2/raw/esc50/sneezing__3-143119-A-21.wav,sneezing,5.0,16000
noise_bank_v2/raw/esc50/sneezing__3-144692-A-21.wav,sneezing,5.0,16000
noise_bank_v2/raw/esc50/sneezing__3-148330-A-21.wav,sneezing,5.0,16000
noise_bank_v2/raw/esc50/sneezing__3-150231-A-21.wav,sneezing,5.0,16000
noise_bank_v2/raw/esc50/sneezing__3-156558-A-21.wav,sneezing,5.0,16000
noise_bank_v2/raw/esc50/sneezing__4-156843-A-21.wav,sneezing,5.0,16000
noise_bank_v2/raw/esc50/sneezing__4-156844-A-21.wav,sneezing,5.0,16000
noise_bank_v2/raw/esc50/sneezing__4-157297-A-21.wav,sneezing,5.0,16000
noise_bank_v2/raw/esc50/sneezing__4-167642-A-21.wav,sneezing,5.0,16000
noise_bank_v2/raw/esc50/sneezing__4-171519-A-21.wav,sneezing,5.0,16000
noise_bank_v2/raw/esc50/sneezing__4-184434-A-21.wav,sneezing,5.0,16000
noise_bank_v2/raw/esc50/sneezing__4-185415-A-21.wav,sneezing,5.0,16000
noise_bank_v2/raw/esc50/sneezing__4-185619-A-21.wav,sneezing,5.0,16000
noise_bank_v2/raw/esc50/sneezing__5-187979-A-21.wav,sneezing,5.0,16000
noise_bank_v2/raw/esc50/sneezing__5-194533-A-21.wav,sneezing,5.0,16000
noise_bank_v2/raw/esc50/sneezing__5-201274-A-21.wav,sneezing,5.0,16000
noise_bank_v2/raw/esc50/sneezing__5-202220-A-21.wav,sneezing,5.0,16000
noise_bank_v2/raw/esc50/sneezing__5-220026-A-21.wav,sneezing,5.0,16000
noise_bank_v2/raw/esc50/sneezing__5-220027-A-21.wav,sneezing,5.0,16000
noise_bank_v2/raw/esc50/sneezing__5-221518-A-21.wav,sneezing,5.0,16000
noise_bank_v2/raw/esc50/sneezing__5-221593-A-21.wav,sneezing,5.0,16000
noise_bank_v2/raw/esc50/snoring__1-20545-A-28.wav,snoring,5.0,16000
noise_bank_v2/raw/esc50/snoring__1-27403-A-28.wav,snoring,5.0,16000
noise_bank_v2/raw/esc50/snoring__1-27405-A-28.wav,snoring,5.0,16000
noise_bank_v2/raw/esc50/snoring__1-39937-A-28.wav,snoring,5.0,16000
noise_bank_v2/raw/esc50/snoring__1-40621-A-28.wav,snoring,5.0,16000
noise_bank_v2/raw/esc50/snoring__1-40967-A-28.wav,snoring,5.0,16000
noise_bank_v2/raw/esc50/snoring__1-47923-A-28.wav,snoring,5.0,16000
noise_bank_v2/raw/esc50/snoring__1-53444-A-28.wav,snoring,5.0,16000
noise_bank_v2/raw/esc50/snoring__2-110417-A-28.wav,snoring,5.0,16000
noise_bank_v2/raw/esc50/snoring__2-110417-B-28.wav,snoring,5.0,16000
noise_bank_v2/raw/esc50/snoring__2-114609-A-28.wav,snoring,5.0,16000
noise_bank_v2/raw/esc50/snoring__2-114609-B-28.wav,snoring,5.0,16000
noise_bank_v2/raw/esc50/snoring__2-117330-A-28.wav,snoring,5.0,16000
noise_bank_v2/raw/esc50/snoring__2-52001-A-28.wav,snoring,5.0,16000
noise_bank_v2/raw/esc50/snoring__2-52001-B-28.wav,snoring,5.0,16000
noise_bank_v2/raw/esc50/snoring__2-80313-A-28.wav,snoring,5.0,16000
noise_bank_v2/raw/esc50/snoring__3-123086-A-28.wav,snoring,5.0,16000
noise_bank_v2/raw/esc50/snoring__3-124795-A-28.wav,snoring,5.0,16000
noise_bank_v2/raw/esc50/snoring__3-124958-A-28.wav,snoring,5.0,16000
noise_bank_v2/raw/esc50/snoring__3-130998-A-28.wav,snoring,5.0,16000
noise_bank_v2/raw/esc50/snoring__3-130998-B-28.wav,snoring,5.0,16000
noise_bank_v2/raw/esc50/snoring__3-151255-A-28.wav,snoring,5.0,16000
noise_bank_v2/raw/esc50/snoring__3-151557-A-28.wav,snoring,5.0,16000
noise_bank_v2/raw/esc50/snoring__3-151557-B-28.wav,snoring,5.0,16000
noise_bank_v2/raw/esc50/snoring__4-180337-A-28.wav,snoring,5.0,16000
noise_bank_v2/raw/esc50/snoring__4-183882-A-28.wav,snoring,5.0,16000
noise_bank_v2/raw/esc50/snoring__4-183882-B-28.wav,snoring,5.0,16000
noise_bank_v2/raw/esc50/snoring__4-184235-A-28.wav,snoring,5.0,16000
noise_bank_v2/raw/esc50/snoring__4-184237-A-28.wav,snoring,5.0,16000
noise_bank_v2/raw/esc50/snoring__4-191297-A-28.wav,snoring,5.0,16000
noise_bank_v2/raw/esc50/snoring__4-197454-A-28.wav,snoring,5.0,16000
noise_bank_v2/raw/esc50/snoring__4-197454-B-28.wav,snoring,5.0,16000
noise_bank_v2/raw/esc50/snoring__5-216368-A-28.wav,snoring,5.0,16000
noise_bank_v2/raw/esc50/snoring__5-233312-A-28.wav,snoring,5.0,16000
noise_bank_v2/raw/esc50/snoring__5-234145-A-28.wav,snoring,5.0,16000
noise_bank_v2/raw/esc50/snoring__5-235874-A-28.wav,snoring,5.0,16000
noise_bank_v2/raw/esc50/snoring__5-235893-A-28.wav,snoring,5.0,16000
noise_bank_v2/raw/esc50/snoring__5-236288-A-28.wav,snoring,5.0,16000
noise_bank_v2/raw/esc50/snoring__5-244459-A-28.wav,snoring,5.0,16000
noise_bank_v2/raw/esc50/snoring__5-249748-A-28.wav,snoring,5.0,16000
noise_bank_v2/raw/esc50/thunderstorm__1-101296-A-19.wav,thunderstorm,5.0,16000
noise_bank_v2/raw/esc50/thunderstorm__1-101296-B-19.wav,thunderstorm,5.0,16000
noise_bank_v2/raw/esc50/thunderstorm__1-115521-A-19.wav,thunderstorm,5.0,16000
noise_bank_v2/raw/esc50/thunderstorm__1-23222-A-19.wav,thunderstorm,5.0,16000
noise_bank_v2/raw/esc50/thunderstorm__1-23222-B-19.wav,thunderstorm,5.0,16000
noise_bank_v2/raw/esc50/thunderstorm__1-24524-A-19.wav,thunderstorm,5.0,16000
noise_bank_v2/raw/esc50/thunderstorm__1-24524-B-19.wav,thunderstorm,5.0,16000
noise_bank_v2/raw/esc50/thunderstorm__1-24524-C-19.wav,thunderstorm,5.0,16000
noise_bank_v2/raw/esc50/thunderstorm__2-104105-A-19.wav,thunderstorm,5.0,16000
noise_bank_v2/raw/esc50/thunderstorm__2-104105-B-19.wav,thunderstorm,5.0,16000
noise_bank_v2/raw/esc50/thunderstorm__2-39441-A-19.wav,thunderstorm,5.0,16000
noise_bank_v2/raw/esc50/thunderstorm__2-39443-A-19.wav,thunderstorm,5.0,16000
noise_bank_v2/raw/esc50/thunderstorm__2-39443-B-19.wav,thunderstorm,5.0,16000
noise_bank_v2/raw/esc50/thunderstorm__2-39945-A-19.wav,thunderstorm,5.0,16000
noise_bank_v2/raw/esc50/thunderstorm__2-39945-B-19.wav,thunderstorm,5.0,16000
noise_bank_v2/raw/esc50/thunderstorm__2-39945-C-19.wav,thunderstorm,5.0,16000
noise_bank_v2/raw/esc50/thunderstorm__3-103050-A-19.wav,thunderstorm,5.0,16000
noise_bank_v2/raw/esc50/thunderstorm__3-103051-A-19.wav,thunderstorm,5.0,16000
noise_bank_v2/raw/esc50/thunderstorm__3-103051-B-19.wav,thunderstorm,5.0,16000
noise_bank_v2/raw/esc50/thunderstorm__3-103051-C-19.wav,thunderstorm,5.0,16000
noise_bank_v2/raw/esc50/thunderstorm__3-123224-A-19.wav,thunderstorm,5.0,16000
noise_bank_v2/raw/esc50/thunderstorm__3-124600-A-19.wav,thunderstorm,5.0,16000
noise_bank_v2/raw/esc50/thunderstorm__3-144891-A-19.wav,thunderstorm,5.0,16000
noise_bank_v2/raw/esc50/thunderstorm__3-144891-B-19.wav,thunderstorm,5.0,16000
noise_bank_v2/raw/esc50/thunderstorm__4-125070-A-19.wav,thunderstorm,5.0,16000
noise_bank_v2/raw/esc50/thunderstorm__4-125071-A-19.wav,thunderstorm,5.0,16000
noise_bank_v2/raw/esc50/thunderstorm__4-125072-A-19.wav,thunderstorm,5.0,16000
noise_bank_v2/raw/esc50/thunderstorm__4-125072-B-19.wav,thunderstorm,5.0,16000
noise_bank_v2/raw/esc50/thunderstorm__4-156993-A-19.wav,thunderstorm,5.0,16000
noise_bank_v2/raw/esc50/thunderstorm__4-161519-A-19.wav,thunderstorm,5.0,16000
noise_bank_v2/raw/esc50/thunderstorm__4-165813-A-19.wav,thunderstorm,5.0,16000
noise_bank_v2/raw/esc50/thunderstorm__4-165813-B-19.wav,thunderstorm,5.0,16000
noise_bank_v2/raw/esc50/thunderstorm__5-156999-A-19.wav,thunderstorm,5.0,16000
noise_bank_v2/raw/esc50/thunderstorm__5-156999-B-19.wav,thunderstorm,5.0,16000
noise_bank_v2/raw/esc50/thunderstorm__5-156999-C-19.wav,thunderstorm,5.0,16000
noise_bank_v2/raw/esc50/thunderstorm__5-156999-D-19.wav,thunderstorm,5.0,16000
noise_bank_v2/raw/esc50/thunderstorm__5-156999-E-19.wav,thunderstorm,5.0,16000
noise_bank_v2/raw/esc50/thunderstorm__5-188495-A-19.wav,thunderstorm,5.0,16000
noise_bank_v2/raw/esc50/thunderstorm__5-192191-A-19.wav,thunderstorm,5.0,16000
noise_bank_v2/raw/esc50/thunderstorm__5-195557-A-19.wav,thunderstorm,5.0,16000
noise_bank_v2/raw/esc50/toilet_flush__1-20736-A-18.wav,toilet_flush,5.0,16000
noise_bank_v2/raw/esc50/toilet_flush__1-28005-A-18.wav,toilet_flush,5.0,16000
noise_bank_v2/raw/esc50/toilet_flush__1-30214-A-18.wav,toilet_flush,5.0,16000
noise_bank_v2/raw/esc50/toilet_flush__1-46274-A-18.wav,toilet_flush,5.0,16000
noise_bank_v2/raw/esc50/toilet_flush__1-51170-A-18.wav,toilet_flush,5.0,16000
noise_bank_v2/raw/esc50/toilet_flush__1-53670-A-18.wav,toilet_flush,5.0,16000
noise_bank_v2/raw/esc50/toilet_flush__1-54752-A-18.wav,toilet_flush,5.0,16000
noise_bank_v2/raw/esc50/toilet_flush__1-56269-A-18.wav,toilet_flush,5.0,16000
noise_bank_v2/raw/esc50/toilet_flush__2-64332-A-18.wav,toilet_flush,5.0,16000
noise_bank_v2/raw/esc50/toilet_flush__2-65484-A-18.wav,toilet_flush,5.0,16000
noise_bank_v2/raw/esc50/toilet_flush__2-67422-A-18.wav,toilet_flush,5.0,16000
noise_bank_v2/raw/esc50/toilet_flush__2-70280-A-18.wav,toilet_flush,5.0,16000
noise_bank_v2/raw/esc50/toilet_flush__2-72677-A-18.wav,toilet_flush,5.0,16000
noise_bank_v2/raw/esc50/toilet_flush__2-74977-A-18.wav,toilet_flush,5.0,16000
noise_bank_v2/raw/esc50/toilet_flush__2-84943-A-18.wav,toilet_flush,5.0,16000
noise_bank_v2/raw/esc50/toilet_flush__2-85945-A-18.wav,toilet_flush,5.0,16000
noise_bank_v2/raw/esc50/toilet_flush__3-100018-A-18.wav,toilet_flush,5.0,16000
noise_bank_v2/raw/esc50/toilet_flush__3-108677-A-18.wav,toilet_flush,5.0,16000
noise_bank_v2/raw/esc50/toilet_flush__3-108791-A-18.wav,toilet_flush,5.0,16000
noise_bank_v2/raw/esc50/toilet_flush__3-112356-A-18.wav,toilet_flush,5.0,16000
noise_bank_v2/raw/esc50/toilet_flush__3-118059-A-18.wav,toilet_flush,5.0,16000
noise_bank_v2/raw/esc50/toilet_flush__3-92637-A-18.wav,toilet_flush,5.0,16000
noise_bank_v2/raw/esc50/toilet_flush__3-93010-A-18.wav,toilet_flush,5.0,16000
noise_bank_v2/raw/esc50/toilet_flush__3-98771-A-18.wav,toilet_flush,5.0,16000
noise_bank_v2/raw/esc50/toilet_flush__4-119720-A-18.wav,toilet_flush,5.0,16000
noise_bank_v2/raw/esc50/toilet_flush__4-123680-A-18.wav,toilet_flush,5.0,16000
noise_bank_v2/raw/esc50/toilet_flush__4-126046-A-18.wav,toilet_flush,5.0,16000
noise_bank_v2/raw/esc50/toilet_flush__4-126532-A-18.wav,toilet_flush,5.0,16000
noise_bank_v2/raw/esc50/toilet_flush__4-135439-A-18.wav,toilet_flush,5.0,16000
noise_bank_v2/raw/esc50/toilet_flush__4-141365-A-18.wav,toilet_flush,5.0,16000
noise_bank_v2/raw/esc50/toilet_flush__4-145006-A-18.wav,toilet_flush,5.0,16000
noise_bank_v2/raw/esc50/toilet_flush__4-152958-A-18.wav,toilet_flush,5.0,16000
noise_bank_v2/raw/esc50/toilet_flush__5-156698-A-18.wav,toilet_flush,5.0,16000
noise_bank_v2/raw/esc50/toilet_flush__5-177034-A-18.wav,toilet_flush,5.0,16000
noise_bank_v2/raw/esc50/toilet_flush__5-182404-A-18.wav,toilet_flush,5.0,16000
noise_bank_v2/raw/esc50/toilet_flush__5-185908-A-18.wav,toilet_flush,5.0,16000
noise_bank_v2/raw/esc50/toilet_flush__5-197913-A-18.wav,toilet_flush,5.0,16000
noise_bank_v2/raw/esc50/toilet_flush__5-201664-A-18.wav,toilet_flush,5.0,16000
noise_bank_v2/raw/esc50/toilet_flush__5-202020-A-18.wav,toilet_flush,5.0,16000
noise_bank_v2/raw/esc50/toilet_flush__5-202540-A-18.wav,toilet_flush,5.0,16000
noise_bank_v2/raw/esc50/train__1-119125-A-45.wav,train,5.0,16000
noise_bank_v2/raw/esc50/train__1-54065-A-45.wav,train,5.0,16000
noise_bank_v2/raw/esc50/train__1-54065-B-45.wav,train,5.0,16000
noise_bank_v2/raw/esc50/train__1-62509-A-45.wav,train,5.0,16000
noise_bank_v2/raw/esc50/train__1-64473-A-45.wav,train,5.0,16000
noise_bank_v2/raw/esc50/train__1-70300-A-45.wav,train,5.0,16000
noise_bank_v2/raw/esc50/train__1-88409-A-45.wav,train,5.0,16000
noise_bank_v2/raw/esc50/train__1-88409-B-45.wav,train,5.0,16000
noise_bank_v2/raw/esc50/train__2-122066-A-45.wav,train,5.0,16000
noise_bank_v2/raw/esc50/train__2-122066-B-45.wav,train,5.0,16000
noise_bank_v2/raw/esc50/train__2-122067-A-45.wav,train,5.0,16000
noise_bank_v2/raw/esc50/train__2-122067-B-45.wav,train,5.0,16000
noise_bank_v2/raw/esc50/train__2-135649-A-45.wav,train,5.0,16000
noise_bank_v2/raw/esc50/train__2-135649-B-45.wav,train,5.0,16000
noise_bank_v2/raw/esc50/train__2-135649-C-45.wav,train,5.0,16000
noise_bank_v2/raw/esc50/train__2-262579-A-45.wav,train,5.0,16000
noise_bank_v2/raw/esc50/train__3-135650-A-45.wav,train,5.0,16000
noise_bank_v2/raw/esc50/train__3-135650-B-45.wav,train,5.0,16000
noise_bank_v2/raw/esc50/train__3-136451-A-45.wav,train,5.0,16000
noise_bank_v2/raw/esc50/train__3-138212-A-45.wav,train,5.0,16000
noise_bank_v2/raw/esc50/train__3-141559-A-45.wav,train,5.0,16000
noise_bank_v2/raw/esc50/train__3-157492-A-45.wav,train,5.0,16000
noise_bank_v2/raw/esc50/train__3-159445-A-45.wav,train,5.0,16000
noise_bank_v2/raw/esc50/train__3-159445-B-45.wav,train,5.0,16000
noise_bank_v2/raw/esc50/train__4-165606-A-45.wav,train,5.0,16000
noise_bank_v2/raw/esc50/train__4-165791-A-45.wav,train,5.0,16000
noise_bank_v2/raw/esc50/train__4-165791-B-45.wav,train,5.0,16000
noise_bank_v2/raw/esc50/train__4-165845-A-45.wav,train,5.0,16000
noise_bank_v2/raw/esc50/train__4-165845-B-45.wav,train,5.0,16000
noise_bank_v2/raw/esc50/train__4-165933-A-45.wav,train,5.0,16000
noise_bank_v2/raw/esc50/train__4-168446-A-45.wav,train,5.0,16000
noise_bank_v2/raw/esc50/train__4-178881-A-45.wav,train,5.0,16000
noise_bank_v2/raw/esc50/train__5-188796-A-45.wav,train,5.0,16000
noise_bank_v2/raw/esc50/train__5-188945-A-45.wav,train,5.0,16000
noise_bank_v2/raw/esc50/train__5-197118-A-45.wav,train,5.0,16000
noise_bank_v2/raw/esc50/train__5-197121-A-45.wav,train,5.0,16000
noise_bank_v2/raw/esc50/train__5-197121-B-45.wav,train,5.0,16000
noise_bank_v2/raw/esc50/train__5-198600-A-45.wav,train,5.0,16000
noise_bank_v2/raw/esc50/train__5-199284-A-45.wav,train,5.0,16000
noise_bank_v2/raw/esc50/train__5-199284-B-45.wav,train,5.0,16000
noise_bank_v2/raw/esc50/vacuum_cleaner__1-100210-A-36.wav,vacuum_cleaner,5.0,16000
noise_bank_v2/raw/esc50/vacuum_cleaner__1-100210-B-36.wav,vacuum_cleaner,5.0,16000
noise_bank_v2/raw/esc50/vacuum_cleaner__1-19840-A-36.wav,vacuum_cleaner,5.0,16000
noise_bank_v2/raw/esc50/vacuum_cleaner__1-19872-A-36.wav,vacuum_cleaner,5.0,16000
noise_bank_v2/raw/esc50/vacuum_cleaner__1-19872-B-36.wav,vacuum_cleaner,5.0,16000
noise_bank_v2/raw/esc50/vacuum_cleaner__1-46744-A-36.wav,vacuum_cleaner,5.0,16000
noise_bank_v2/raw/esc50/vacuum_cleaner__1-60460-A-36.wav,vacuum_cleaner,5.0,16000
noise_bank_v2/raw/esc50/vacuum_cleaner__1-79236-A-36.wav,vacuum_cleaner,5.0,16000
noise_bank_v2/raw/esc50/vacuum_cleaner__2-106072-A-36.wav,vacuum_cleaner,5.0,16000
noise_bank_v2/raw/esc50/vacuum_cleaner__2-106073-A-36.wav,vacuum_cleaner,5.0,16000
noise_bank_v2/raw/esc50/vacuum_cleaner__2-122820-A-36.wav,vacuum_cleaner,5.0,16000
noise_bank_v2/raw/esc50/vacuum_cleaner__2-122820-B-36.wav,vacuum_cleaner,5.0,16000
noise_bank_v2/raw/esc50/vacuum_cleaner__2-141681-A-36.wav,vacuum_cleaner,5.0,16000
noise_bank_v2/raw/esc50/vacuum_cleaner__2-141681-B-36.wav,vacuum_cleaner,5.0,16000
noise_bank_v2/raw/esc50/vacuum_cleaner__2-141682-A-36.wav,vacuum_cleaner,5.0,16000
noise_bank_v2/raw/esc50/vacuum_cleaner__2-141682-B-36.wav,vacuum_cleaner,5.0,16000
noise_bank_v2/raw/esc50/vacuum_cleaner__3-152020-A-36.wav,vacuum_cleaner,5.0,16000
noise_bank_v2/raw/esc50/vacuum_cleaner__3-152020-B-36.wav,vacuum_cleaner,5.0,16000
noise_bank_v2/raw/esc50/vacuum_cleaner__3-152020-C-36.wav,vacuum_cleaner,5.0,16000
noise_bank_v2/raw/esc50/vacuum_cleaner__3-159346-A-36.wav,vacuum_cleaner,5.0,16000
noise_bank_v2/raw/esc50/vacuum_cleaner__3-159346-B-36.wav,vacuum_cleaner,5.0,16000
noise_bank_v2/raw/esc50/vacuum_cleaner__3-159347-A-36.wav,vacuum_cleaner,5.0,16000
noise_bank_v2/raw/esc50/vacuum_cleaner__3-159347-B-36.wav,vacuum_cleaner,5.0,16000
noise_bank_v2/raw/esc50/vacuum_cleaner__3-159348-A-36.wav,vacuum_cleaner,5.0,16000
noise_bank_v2/raw/esc50/vacuum_cleaner__4-146200-A-36.wav,vacuum_cleaner,5.0,16000
noise_bank_v2/raw/esc50/vacuum_cleaner__4-172732-A-36.wav,vacuum_cleaner,5.0,16000
noise_bank_v2/raw/esc50/vacuum_cleaner__4-172733-A-36.wav,vacuum_cleaner,5.0,16000
noise_bank_v2/raw/esc50/vacuum_cleaner__4-172734-A-36.wav,vacuum_cleaner,5.0,16000
noise_bank_v2/raw/esc50/vacuum_cleaner__4-172736-A-36.wav,vacuum_cleaner,5.0,16000
noise_bank_v2/raw/esc50/vacuum_cleaner__4-172736-B-36.wav,vacuum_cleaner,5.0,16000
noise_bank_v2/raw/esc50/vacuum_cleaner__4-181999-A-36.wav,vacuum_cleaner,5.0,16000
noise_bank_v2/raw/esc50/vacuum_cleaner__4-194680-A-36.wav,vacuum_cleaner,5.0,16000
noise_bank_v2/raw/esc50/vacuum_cleaner__5-182007-A-36.wav,vacuum_cleaner,5.0,16000
noise_bank_v2/raw/esc50/vacuum_cleaner__5-182010-A-36.wav,vacuum_cleaner,5.0,16000
noise_bank_v2/raw/esc50/vacuum_cleaner__5-182012-A-36.wav,vacuum_cleaner,5.0,16000
noise_bank_v2/raw/esc50/vacuum_cleaner__5-188365-A-36.wav,vacuum_cleaner,5.0,16000
noise_bank_v2/raw/esc50/vacuum_cleaner__5-212054-A-36.wav,vacuum_cleaner,5.0,16000
noise_bank_v2/raw/esc50/vacuum_cleaner__5-212059-A-36.wav,vacuum_cleaner,5.0,16000
noise_bank_v2/raw/esc50/vacuum_cleaner__5-231551-A-36.wav,vacuum_cleaner,5.0,16000
noise_bank_v2/raw/esc50/vacuum_cleaner__5-263902-A-36.wav,vacuum_cleaner,5.0,16000
noise_bank_v2/raw/esc50/washing_machine__1-21896-A-35.wav,washing_machine,5.0,16000
noise_bank_v2/raw/esc50/washing_machine__1-23996-A-35.wav,washing_machine,5.0,16000
noise_bank_v2/raw/esc50/washing_machine__1-23996-B-35.wav,washing_machine,5.0,16000
noise_bank_v2/raw/esc50/washing_machine__1-27165-A-35.wav,washing_machine,5.0,16000
noise_bank_v2/raw/esc50/washing_machine__1-27166-A-35.wav,washing_machine,5.0,16000
noise_bank_v2/raw/esc50/washing_machine__1-32373-A-35.wav,washing_machine,5.0,16000
noise_bank_v2/raw/esc50/washing_machine__1-32373-B-35.wav,washing_machine,5.0,16000
noise_bank_v2/raw/esc50/washing_machine__1-49098-A-35.wav,washing_machine,5.0,16000
noise_bank_v2/raw/esc50/washing_machine__2-102567-A-35.wav,washing_machine,5.0,16000
noise_bank_v2/raw/esc50/washing_machine__2-102567-B-35.wav,washing_machine,5.0,16000
noise_bank_v2/raw/esc50/washing_machine__2-102567-C-35.wav,washing_machine,5.0,16000
noise_bank_v2/raw/esc50/washing_machine__2-102567-D-35.wav,washing_machine,5.0,16000
noise_bank_v2/raw/esc50/washing_machine__2-102568-A-35.wav,washing_machine,5.0,16000
noise_bank_v2/raw/esc50/washing_machine__2-121909-A-35.wav,washing_machine,5.0,16000
noise_bank_v2/raw/esc50/washing_machine__2-51173-A-35.wav,washing_machine,5.0,16000
noise_bank_v2/raw/esc50/washing_machine__2-59241-A-35.wav,washing_machine,5.0,16000
noise_bank_v2/raw/esc50/washing_machine__3-135469-A-35.wav,washing_machine,5.0,16000
noise_bank_v2/raw/esc50/washing_machine__3-151269-A-35.wav,washing_machine,5.0,16000
noise_bank_v2/raw/esc50/washing_machine__3-151273-A-35.wav,washing_machine,5.0,16000
noise_bank_v2/raw/esc50/washing_machine__3-156391-A-35.wav,washing_machine,5.0,16000
noise_bank_v2/raw/esc50/washing_machine__3-156393-A-35.wav,washing_machine,5.0,16000
noise_bank_v2/raw/esc50/washing_machine__3-182710-A-35.wav,washing_machine,5.0,16000
noise_bank_v2/raw/esc50/washing_machine__3-182710-B-35.wav,washing_machine,5.0,16000
noise_bank_v2/raw/esc50/washing_machine__3-188726-A-35.wav,washing_machine,5.0,16000
noise_bank_v2/raw/esc50/washing_machine__4-218199-A-35.wav,washing_machine,5.0,16000
noise_bank_v2/raw/esc50/washing_machine__4-218199-B-35.wav,washing_machine,5.0,16000
noise_bank_v2/raw/esc50/washing_machine__4-218199-C-35.wav,washing_machine,5.0,16000
noise_bank_v2/raw/esc50/washing_machine__4-218199-D-35.wav,washing_machine,5.0,16000
noise_bank_v2/raw/esc50/washing_machine__4-218199-E-35.wav,washing_machine,5.0,16000
noise_bank_v2/raw/esc50/washing_machine__4-218199-F-35.wav,washing_machine,5.0,16000
noise_bank_v2/raw/esc50/washing_machine__4-218199-G-35.wav,washing_machine,5.0,16000
noise_bank_v2/raw/esc50/washing_machine__4-218199-H-35.wav,washing_machine,5.0,16000
noise_bank_v2/raw/esc50/washing_machine__5-141683-A-35.wav,washing_machine,5.0,16000
noise_bank_v2/raw/esc50/washing_machine__5-181977-A-35.wav,washing_machine,5.0,16000
noise_bank_v2/raw/esc50/washing_machine__5-207811-A-35.wav,washing_machine,5.0,16000
noise_bank_v2/raw/esc50/washing_machine__5-207811-B-35.wav,washing_machine,5.0,16000
noise_bank_v2/raw/esc50/washing_machine__5-223810-A-35.wav,washing_machine,5.0,16000
noise_bank_v2/raw/esc50/washing_machine__5-238021-A-35.wav,washing_machine,5.0,16000
noise_bank_v2/raw/esc50/washing_machine__5-245040-A-35.wav,washing_machine,5.0,16000
noise_bank_v2/raw/esc50/washing_machine__5-260875-A-35.wav,washing_machine,5.0,16000
noise_bank_v2/raw/esc50/water_drops__1-12653-A-15.wav,water_drops,5.0,16000
noise_bank_v2/raw/esc50/water_drops__1-12654-A-15.wav,water_drops,5.0,16000
noise_bank_v2/raw/esc50/water_drops__1-12654-B-15.wav,water_drops,5.0,16000
noise_bank_v2/raw/esc50/water_drops__1-16746-A-15.wav,water_drops,5.0,16000
noise_bank_v2/raw/esc50/water_drops__1-23094-A-15.wav,water_drops,5.0,16000
noise_bank_v2/raw/esc50/water_drops__1-23094-B-15.wav,water_drops,5.0,16000
noise_bank_v2/raw/esc50/water_drops__1-50623-A-15.wav,water_drops,5.0,16000
noise_bank_v2/raw/esc50/water_drops__1-90797-A-15.wav,water_drops,5.0,16000
noise_bank_v2/raw/esc50/water_drops__2-124564-A-15.wav,water_drops,5.0,16000
noise_bank_v2/raw/esc50/water_drops__2-139748-A-15.wav,water_drops,5.0,16000
noise_bank_v2/raw/esc50/water_drops__2-139748-B-15.wav,water_drops,5.0,16000
noise_bank_v2/raw/esc50/water_drops__2-139749-A-15.wav,water_drops,5.0,16000
noise_bank_v2/raw/esc50/water_drops__2-64962-A-15.wav,water_drops,5.0,16000
noise_bank_v2/raw/esc50/water_drops__2-64963-A-15.wav,water_drops,5.0,16000
noise_bank_v2/raw/esc50/water_drops__2-68595-A-15.wav,water_drops,5.0,16000
noise_bank_v2/raw/esc50/water_drops__2-68595-B-15.wav,water_drops,5.0,16000
noise_bank_v2/raw/esc50/water_drops__3-156907-A-15.wav,water_drops,5.0,16000
noise_bank_v2/raw/esc50/water_drops__3-160119-A-15.wav,water_drops,5.0,16000
noise_bank_v2/raw/esc50/water_drops__3-164592-A-15.wav,water_drops,5.0,16000
noise_bank_v2/raw/esc50/water_drops__3-164593-A-15.wav,water_drops,5.0,16000
noise_bank_v2/raw/esc50/water_drops__3-164594-A-15.wav,water_drops,5.0,16000
noise_bank_v2/raw/esc50/water_drops__3-164595-A-15.wav,water_drops,5.0,16000
noise_bank_v2/raw/esc50/water_drops__3-166324-A-15.wav,water_drops,5.0,16000
noise_bank_v2/raw/esc50/water_drops__3-166326-A-15.wav,water_drops,5.0,16000
noise_bank_v2/raw/esc50/water_drops__4-168155-A-15.wav,water_drops,5.0,16000
noise_bank_v2/raw/esc50/water_drops__4-174797-A-15.wav,water_drops,5.0,16000
noise_bank_v2/raw/esc50/water_drops__4-188293-A-15.wav,water_drops,5.0,16000
noise_bank_v2/raw/esc50/water_drops__4-188293-B-15.wav,water_drops,5.0,16000
noise_bank_v2/raw/esc50/water_drops__4-197871-A-15.wav,water_drops,5.0,16000
noise_bank_v2/raw/esc50/water_drops__4-212604-A-15.wav,water_drops,5.0,16000
noise_bank_v2/raw/esc50/water_drops__4-212604-B-15.wav,water_drops,5.0,16000
noise_bank_v2/raw/esc50/water_drops__4-212604-C-15.wav,water_drops,5.0,16000
noise_bank_v2/raw/esc50/water_drops__5-241846-A-15.wav,water_drops,5.0,16000
noise_bank_v2/raw/esc50/water_drops__5-254832-A-15.wav,water_drops,5.0,16000
noise_bank_v2/raw/esc50/water_drops__5-254832-B-15.wav,water_drops,5.0,16000
noise_bank_v2/raw/esc50/water_drops__5-257349-A-15.wav,water_drops,5.0,16000
noise_bank_v2/raw/esc50/water_drops__5-259180-A-15.wav,water_drops,5.0,16000
noise_bank_v2/raw/esc50/water_drops__5-261433-A-15.wav,water_drops,5.0,16000
noise_bank_v2/raw/esc50/water_drops__5-261439-A-15.wav,water_drops,5.0,16000
noise_bank_v2/raw/esc50/water_drops__5-262641-A-15.wav,water_drops,5.0,16000
noise_bank_v2/raw/esc50/wind__1-137296-A-16.wav,wind,5.0,16000
noise_bank_v2/raw/esc50/wind__1-29532-A-16.wav,wind,5.0,16000
noise_bank_v2/raw/esc50/wind__1-47709-A-16.wav,wind,5.0,16000
noise_bank_v2/raw/esc50/wind__1-47714-A-16.wav,wind,5.0,16000
noise_bank_v2/raw/esc50/wind__1-51035-A-16.wav,wind,5.0,16000
noise_bank_v2/raw/esc50/wind__1-51036-A-16.wav,wind,5.0,16000
noise_bank_v2/raw/esc50/wind__1-51037-A-16.wav,wind,5.0,16000
noise_bank_v2/raw/esc50/wind__1-69760-A-16.wav,wind,5.0,16000
noise_bank_v2/raw/esc50/wind__2-104952-A-16.wav,wind,5.0,16000
noise_bank_v2/raw/esc50/wind__2-104952-B-16.wav,wind,5.0,16000
noise_bank_v2/raw/esc50/wind__2-109371-A-16.wav,wind,5.0,16000
noise_bank_v2/raw/esc50/wind__2-109371-B-16.wav,wind,5.0,16000
noise_bank_v2/raw/esc50/wind__2-109371-C-16.wav,wind,5.0,16000
noise_bank_v2/raw/esc50/wind__2-109371-D-16.wav,wind,5.0,16000
noise_bank_v2/raw/esc50/wind__2-109374-A-16.wav,wind,5.0,16000
noise_bank_v2/raw/esc50/wind__2-205966-A-16.wav,wind,5.0,16000
noise_bank_v2/raw/esc50/wind__3-117504-A-16.wav,wind,5.0,16000
noise_bank_v2/raw/esc50/wind__3-117504-B-16.wav,wind,5.0,16000
noise_bank_v2/raw/esc50/wind__3-134699-A-16.wav,wind,5.0,16000
noise_bank_v2/raw/esc50/wind__3-134699-B-16.wav,wind,5.0,16000
noise_bank_v2/raw/esc50/wind__3-134699-C-16.wav,wind,5.0,16000
noise_bank_v2/raw/esc50/wind__3-136608-A-16.wav,wind,5.0,16000
noise_bank_v2/raw/esc50/wind__3-246513-A-16.wav,wind,5.0,16000
noise_bank_v2/raw/esc50/wind__3-246513-B-16.wav,wind,5.0,16000
noise_bank_v2/raw/esc50/wind__4-144083-A-16.wav,wind,5.0,16000
noise_bank_v2/raw/esc50/wind__4-144083-B-16.wav,wind,5.0,16000
noise_bank_v2/raw/esc50/wind__4-144083-C-16.wav,wind,5.0,16000
noise_bank_v2/raw/esc50/wind__4-144085-A-16.wav,wind,5.0,16000
noise_bank_v2/raw/esc50/wind__4-163606-A-16.wav,wind,5.0,16000
noise_bank_v2/raw/esc50/wind__4-163608-B-16.wav,wind,5.0,16000
noise_bank_v2/raw/esc50/wind__4-163609-A-16.wav,wind,5.0,16000
noise_bank_v2/raw/esc50/wind__4-163609-B-16.wav,wind,5.0,16000
noise_bank_v2/raw/esc50/wind__5-117773-A-16.wav,wind,5.0,16000
noise_bank_v2/raw/esc50/wind__5-157204-A-16.wav,wind,5.0,16000
noise_bank_v2/raw/esc50/wind__5-157204-B-16.wav,wind,5.0,16000
noise_bank_v2/raw/esc50/wind__5-179496-A-16.wav,wind,5.0,16000
noise_bank_v2/raw/esc50/wind__5-179496-B-16.wav,wind,5.0,16000
noise_bank_v2/raw/esc50/wind__5-217186-A-16.wav,wind,5.0,16000
noise_bank_v2/raw/esc50/wind__5-217186-B-16.wav,wind,5.0,16000
noise_bank_v2/raw/esc50/wind__5-217186-C-16.wav,wind,5.0,16000
